Lentil,Lentil_SNP,PredictedMean,Trait,ENV
L001,6933-14_ACT,14.67128148,DTE,Clavet_2024
L002,6935-3_ACT,14.67047655,DTE,Clavet_2024
L003,6991-1_ACT,14.65302538,DTE,Clavet_2024
L004,6996-1_ACT,14.7227772,DTE,Clavet_2024
L005,7005-2_ACT,14.66717103,DTE,Clavet_2024
L006,7024-8_ACT,14.82643776,DTE,Clavet_2024
L007,7043-8_ACT,14.65334527,DTE,Clavet_2024
L008,7049-6_ACT,14.66060769,DTE,Clavet_2024
L009,7060-11_ACT,14.67798754,DTE,Clavet_2024
L010,7060-25_ACT,14.72142001,DTE,Clavet_2024
L011,7094-3_ACT,14.65891741,DTE,Clavet_2024
L012,7105-2_ACT,14.82847862,DTE,Clavet_2024
L013,7148-7_ACT,14.67562464,DTE,Clavet_2024
L014,7208-15_ACT,14.66099176,DTE,Clavet_2024
L015,7250-4_ACT,14.74268897,DTE,Clavet_2024
L016,7276-11_ACT,14.64207286,DTE,Clavet_2024
L017,7278-7_ACT,14.67212506,DTE,Clavet_2024
L018,7301-6_ACT,14.67599384,DTE,Clavet_2024
L019,7333-2-4_ACT,14.65804481,DTE,Clavet_2024
L020,7463-7_ACT,14.71218386,DTE,Clavet_2024
L021,7737-2_ACT,14.74926902,DTE,Clavet_2024
L022,7757-1_ACT,14.64601441,DTE,Clavet_2024
L023,7788-3_ACT,14.67446368,DTE,Clavet_2024
L024,7789-1_ACT,14.67508719,DTE,Clavet_2024
L025,8064-1-5_ACT,14.7186209,DTE,Clavet_2024
L026,8086-1-10-bk_ACT,14.64498379,DTE,Clavet_2024
L027,8579-1-17_ACT,14.73229507,DTE,Clavet_2024
L028,8619-1-10_ACT,14.65462469,DTE,Clavet_2024
L029,8622-1-1-bk_ACT,14.67379333,DTE,Clavet_2024
L030,8666-1-3-bk_ACT,14.66766153,DTE,Clavet_2024
L031,8996-23_ACT,14.6750433,DTE,Clavet_2024
L032,9041-6_ACT,14.66514885,DTE,Clavet_2024
L033,9059-1-2_ACT,14.70419292,DTE,Clavet_2024
L034,9115-5_ACT,14.66423953,DTE,Clavet_2024
L035,9159-3-1_ACT,14.6652709,DTE,Clavet_2024
L036,9184-1_ACT,14.66751052,DTE,Clavet_2024
L037,9225-2-8_ACT,14.6573982,DTE,Clavet_2024
L038,9320-3-MY_ACT,14.66925257,DTE,Clavet_2024
L039,9370-2_ACT,14.66567392,DTE,Clavet_2024
L040,9378-1-3_ACT,14.66127125,DTE,Clavet_2024
L041,9430-3_ACT,14.66855891,DTE,Clavet_2024
L042,9747-1-LG_ACT,14.64401396,DTE,Clavet_2024
L043,9885-1-1_ACT,14.66303205,DTE,Clavet_2024
L044,10121-1_ACT,14.66455462,DTE,Clavet_2024
L045,10121T-3-60_ACT,14.66474414,DTE,Clavet_2024
L046,10137T-1-58_ACT,14.64847177,DTE,Clavet_2024
L047,10222-3-1_ACT,14.64823805,DTE,Clavet_2024
L048,10236-2-SG_ACT,14.66090239,DTE,Clavet_2024
L049,10250-1-3_ACT,14.65924939,DTE,Clavet_2024
L050,11801S-1-54-gr_ACT,14.667001,DTE,Clavet_2024
L051,12166T-2-57_ACT,14.73395706,DTE,Clavet_2024
L052,12176T-2-50_ACT,14.6748184,DTE,Clavet_2024
L053,12356T-1-60_ACT,14.67088892,DTE,Clavet_2024
L054,12240T-2-49-bk_ACT,14.64689224,DTE,Clavet_2024
L055,IBC_768_ACT,14.67528941,DTE,Clavet_2024
L056,IBC_1006-7_ACT,14.65526938,DTE,Clavet_2024
L057,IBC_1113_ACT,14.74887182,DTE,Clavet_2024
L058,IBC_1266-1_ACT,14.81147599,DTE,Clavet_2024
L059,IBC_1268_ACT,14.67801882,DTE,Clavet_2024
L060,IBC_1273-2_ACT,14.74441043,DTE,Clavet_2024
L061,IBC_1305_ACT,14.70746802,DTE,Clavet_2024
L062,IBC_1307_ACT,14.6687828,DTE,Clavet_2024
L063,IBC_1310_ACT,14.67322842,DTE,Clavet_2024
L064,IBC_1311_ACT,14.70475322,DTE,Clavet_2024
L065,IBC_1314_ACT,14.67725372,DTE,Clavet_2024
L066,IBC_1317_ACT,14.66198833,DTE,Clavet_2024
L067,IBC_1319_ACT,14.67479222,DTE,Clavet_2024
L068,IBC_1320_ACT,14.71458062,DTE,Clavet_2024
L069,IBC_1321_ACT,14.66669773,DTE,Clavet_2024
L070,IBC_1323_ACT,14.65500427,DTE,Clavet_2024
L071,IBC_1324_ACT,14.66657723,DTE,Clavet_2024
L072,IBC_1344_ACT,14.69215418,DTE,Clavet_2024
L073,2462_ACT,14.67131934,DTE,Clavet_2024
L074,2464_ACT,14.6631522,DTE,Clavet_2024
L075,2471-6_ACT,14.74310288,DTE,Clavet_2024
L076,3110_ACT,14.65580169,DTE,Clavet_2024
L077,3114_ACT,14.67473153,DTE,Clavet_2024
L078,IBC_112_ACT,14.67266427,DTE,Clavet_2024
L079,IBC_145_ACT,14.65471939,DTE,Clavet_2024
L080,IBC_187_ACT,14.66585845,DTE,Clavet_2024
L081,IBC_188_ACT,14.65497306,DTE,Clavet_2024
L082,IBC_194_ACT,14.66871905,DTE,Clavet_2024
L083,IBC_289_ACT,14.65961558,DTE,Clavet_2024
L084,IBC_479_ACT,14.66041911,DTE,Clavet_2024
L085,IBC_550_ACT,14.65149258,DTE,Clavet_2024
L086,IBC_586_ACT,14.65299152,DTE,Clavet_2024
L087,IBC_597_ACT,14.67155042,DTE,Clavet_2024
L088,IBC_697_ACT,14.67968417,DTE,Clavet_2024
L089,IBC_839_ACT,14.6380157,DTE,Clavet_2024
L090,IBC_937_ACT,14.65881963,DTE,Clavet_2024
L091,IBC_975_ACT,14.72929873,DTE,Clavet_2024
L092,IBC_978_ACT,14.64835572,DTE,Clavet_2024
L093,IBC_929R_ACT,14.67266125,DTE,Clavet_2024
L094,IBC_929_ACT,14.71002715,DTE,Clavet_2024
L095,IBC_1014-SG_ACT,14.67781518,DTE,Clavet_2024
L096,IBC_1199_ACT,14.66895678,DTE,Clavet_2024
L097,IBC_1235_ACT,14.65749863,DTE,Clavet_2024
L098,IBC_1264-1_ACT,14.67560684,DTE,Clavet_2024
L099,IBC_1267_ACT,14.65890007,DTE,Clavet_2024
L100,IBC_1269_ACT,14.76981608,DTE,Clavet_2024
L001,6933-14_ACT,13.69148985,DTE,Hunter_2024
L002,6935-3_ACT,13.55236218,DTE,Hunter_2024
L003,6991-1_ACT,13.53822388,DTE,Hunter_2024
L004,6996-1_ACT,13.66186235,DTE,Hunter_2024
L005,7005-2_ACT,13.734647,DTE,Hunter_2024
L006,7024-8_ACT,13.48059221,DTE,Hunter_2024
L007,7043-8_ACT,13.55564604,DTE,Hunter_2024
L008,7049-6_ACT,13.7044342,DTE,Hunter_2024
L009,7060-11_ACT,13.54445863,DTE,Hunter_2024
L010,7060-25_ACT,13.48267334,DTE,Hunter_2024
L011,7094-3_ACT,13.70759005,DTE,Hunter_2024
L012,7105-2_ACT,13.44117884,DTE,Hunter_2024
L013,7148-7_ACT,13.63740928,DTE,Hunter_2024
L014,7208-15_ACT,13.69639313,DTE,Hunter_2024
L015,7250-4_ACT,13.60684572,DTE,Hunter_2024
L016,7276-11_ACT,13.68388471,DTE,Hunter_2024
L017,7278-7_ACT,13.75226015,DTE,Hunter_2024
L018,7301-6_ACT,13.57591343,DTE,Hunter_2024
L019,7333-2-4_ACT,13.59017007,DTE,Hunter_2024
L020,7463-7_ACT,13.60656598,DTE,Hunter_2024
L021,7737-2_ACT,13.48991981,DTE,Hunter_2024
L022,7757-1_ACT,13.73428064,DTE,Hunter_2024
L023,7788-3_ACT,13.69737849,DTE,Hunter_2024
L024,7789-1_ACT,13.64983499,DTE,Hunter_2024
L025,8064-1-5_ACT,13.69285121,DTE,Hunter_2024
L026,8086-1-10-bk_ACT,13.68772556,DTE,Hunter_2024
L027,8579-1-17_ACT,13.52323007,DTE,Hunter_2024
L028,8619-1-10_ACT,13.65620442,DTE,Hunter_2024
L029,8622-1-1-bk_ACT,13.50819516,DTE,Hunter_2024
L030,8666-1-3-bk_ACT,13.62095725,DTE,Hunter_2024
L031,8996-23_ACT,13.68325757,DTE,Hunter_2024
L032,9041-6_ACT,13.68810357,DTE,Hunter_2024
L033,9059-1-2_ACT,13.67195827,DTE,Hunter_2024
L034,9115-5_ACT,13.73241876,DTE,Hunter_2024
L035,9159-3-1_ACT,13.61739518,DTE,Hunter_2024
L036,9184-1_ACT,13.64946847,DTE,Hunter_2024
L037,9225-2-8_ACT,13.66979814,DTE,Hunter_2024
L038,9320-3-MY_ACT,13.69880405,DTE,Hunter_2024
L039,9370-2_ACT,13.65127449,DTE,Hunter_2024
L040,9378-1-3_ACT,13.6218645,DTE,Hunter_2024
L041,9430-3_ACT,13.58065533,DTE,Hunter_2024
L042,9747-1-LG_ACT,13.67865479,DTE,Hunter_2024
L043,9885-1-1_ACT,13.70116666,DTE,Hunter_2024
L044,10121-1_ACT,13.60240442,DTE,Hunter_2024
L045,10121T-3-60_ACT,13.58322609,DTE,Hunter_2024
L046,10137T-1-58_ACT,13.5977629,DTE,Hunter_2024
L047,10222-3-1_ACT,13.66504779,DTE,Hunter_2024
L048,10236-2-SG_ACT,13.6925585,DTE,Hunter_2024
L049,10250-1-3_ACT,13.63907728,DTE,Hunter_2024
L050,11801S-1-54-gr_ACT,13.71648695,DTE,Hunter_2024
L051,12166T-2-57_ACT,13.62612114,DTE,Hunter_2024
L052,12176T-2-50_ACT,13.67518422,DTE,Hunter_2024
L053,12356T-1-60_ACT,13.59203726,DTE,Hunter_2024
L054,12240T-2-49-bk_ACT,13.69166842,DTE,Hunter_2024
L055,IBC_768_ACT,13.74949137,DTE,Hunter_2024
L056,IBC_1006-7_ACT,13.74830409,DTE,Hunter_2024
L057,IBC_1113_ACT,13.40452843,DTE,Hunter_2024
L058,IBC_1266-1_ACT,13.06141753,DTE,Hunter_2024
L059,IBC_1268_ACT,13.28730717,DTE,Hunter_2024
L060,IBC_1273-2_ACT,13.51109915,DTE,Hunter_2024
L061,IBC_1305_ACT,13.60232798,DTE,Hunter_2024
L062,IBC_1307_ACT,13.56554094,DTE,Hunter_2024
L063,IBC_1310_ACT,13.62427514,DTE,Hunter_2024
L064,IBC_1311_ACT,13.68143889,DTE,Hunter_2024
L065,IBC_1314_ACT,13.69486137,DTE,Hunter_2024
L066,IBC_1317_ACT,13.55277169,DTE,Hunter_2024
L067,IBC_1319_ACT,13.63746995,DTE,Hunter_2024
L068,IBC_1320_ACT,13.68940934,DTE,Hunter_2024
L069,IBC_1321_ACT,13.62216314,DTE,Hunter_2024
L070,IBC_1323_ACT,13.55664885,DTE,Hunter_2024
L071,IBC_1324_ACT,13.57787135,DTE,Hunter_2024
L072,IBC_1344_ACT,13.6701042,DTE,Hunter_2024
L073,2462_ACT,13.65757494,DTE,Hunter_2024
L074,2464_ACT,13.67075795,DTE,Hunter_2024
L075,2471-6_ACT,13.71283598,DTE,Hunter_2024
L076,3110_ACT,13.63129614,DTE,Hunter_2024
L077,3114_ACT,13.70148928,DTE,Hunter_2024
L078,IBC_112_ACT,13.60332984,DTE,Hunter_2024
L079,IBC_145_ACT,13.69738803,DTE,Hunter_2024
L080,IBC_187_ACT,13.63781689,DTE,Hunter_2024
L081,IBC_188_ACT,13.69231681,DTE,Hunter_2024
L082,IBC_194_ACT,13.72089503,DTE,Hunter_2024
L083,IBC_289_ACT,13.64545995,DTE,Hunter_2024
L084,IBC_479_ACT,13.65846812,DTE,Hunter_2024
L085,IBC_550_ACT,13.64487857,DTE,Hunter_2024
L086,IBC_586_ACT,13.63403449,DTE,Hunter_2024
L087,IBC_597_ACT,13.66403909,DTE,Hunter_2024
L088,IBC_697_ACT,13.649586,DTE,Hunter_2024
L089,IBC_839_ACT,13.50656593,DTE,Hunter_2024
L090,IBC_937_ACT,13.70050232,DTE,Hunter_2024
L091,IBC_975_ACT,13.68584892,DTE,Hunter_2024
L092,IBC_978_ACT,13.6349061,DTE,Hunter_2024
L093,IBC_929R_ACT,13.68749566,DTE,Hunter_2024
L094,IBC_929_ACT,13.7050784,DTE,Hunter_2024
L095,IBC_1014-SG_ACT,13.51330306,DTE,Hunter_2024
L096,IBC_1199_ACT,13.67604113,DTE,Hunter_2024
L097,IBC_1235_ACT,13.57873132,DTE,Hunter_2024
L098,IBC_1264-1_ACT,13.65659242,DTE,Hunter_2024
L099,IBC_1267_ACT,13.585702,DTE,Hunter_2024
L100,IBC_1269_ACT,13.64000396,DTE,Hunter_2024
L001,6933-14_ACT,10.91475123,DTE,Clavet_2025
L002,6935-3_ACT,10.9214626,DTE,Clavet_2025
L003,6991-1_ACT,11.02661748,DTE,Clavet_2025
L004,6996-1_ACT,10.8858183,DTE,Clavet_2025
L005,7005-2_ACT,11.03433652,DTE,Clavet_2025
L006,7024-8_ACT,11.21690282,DTE,Clavet_2025
L007,7043-8_ACT,11.12761057,DTE,Clavet_2025
L008,7049-6_ACT,11.1730615,DTE,Clavet_2025
L009,7060-11_ACT,11.0287227,DTE,Clavet_2025
L010,7060-25_ACT,11.42639744,DTE,Clavet_2025
L011,7094-3_ACT,10.75477021,DTE,Clavet_2025
L012,7105-2_ACT,11.32125358,DTE,Clavet_2025
L013,7148-7_ACT,10.99260885,DTE,Clavet_2025
L014,7208-15_ACT,11.29968729,DTE,Clavet_2025
L015,7250-4_ACT,11.15366468,DTE,Clavet_2025
L016,7276-11_ACT,10.94222875,DTE,Clavet_2025
L017,7278-7_ACT,10.83730435,DTE,Clavet_2025
L018,7301-6_ACT,11.13715334,DTE,Clavet_2025
L019,7333-2-4_ACT,10.76141367,DTE,Clavet_2025
L020,7463-7_ACT,11.082318,DTE,Clavet_2025
L021,7737-2_ACT,11.09396217,DTE,Clavet_2025
L022,7757-1_ACT,10.93280253,DTE,Clavet_2025
L023,7788-3_ACT,10.68269451,DTE,Clavet_2025
L024,7789-1_ACT,10.84165411,DTE,Clavet_2025
L025,8064-1-5_ACT,10.51681887,DTE,Clavet_2025
L026,8086-1-10-bk_ACT,11.38351135,DTE,Clavet_2025
L027,8579-1-17_ACT,11.18627239,DTE,Clavet_2025
L028,8619-1-10_ACT,11.0627845,DTE,Clavet_2025
L029,8622-1-1-bk_ACT,11.00437717,DTE,Clavet_2025
L030,8666-1-3-bk_ACT,11.24862163,DTE,Clavet_2025
L031,8996-23_ACT,10.92445517,DTE,Clavet_2025
L032,9041-6_ACT,10.92432282,DTE,Clavet_2025
L033,9059-1-2_ACT,10.80759164,DTE,Clavet_2025
L034,9115-5_ACT,10.84305897,DTE,Clavet_2025
L035,9159-3-1_ACT,10.84633292,DTE,Clavet_2025
L036,9184-1_ACT,11.06449738,DTE,Clavet_2025
L037,9225-2-8_ACT,10.94173351,DTE,Clavet_2025
L038,9320-3-MY_ACT,10.73011693,DTE,Clavet_2025
L039,9370-2_ACT,10.79150971,DTE,Clavet_2025
L040,9378-1-3_ACT,10.88924486,DTE,Clavet_2025
L041,9430-3_ACT,10.88873783,DTE,Clavet_2025
L042,9747-1-LG_ACT,10.77102628,DTE,Clavet_2025
L043,9885-1-1_ACT,10.89067508,DTE,Clavet_2025
L044,10121-1_ACT,10.94383248,DTE,Clavet_2025
L045,10121T-3-60_ACT,10.88323287,DTE,Clavet_2025
L046,10137T-1-58_ACT,10.87596689,DTE,Clavet_2025
L047,10222-3-1_ACT,10.76416794,DTE,Clavet_2025
L048,10236-2-SG_ACT,11.01731129,DTE,Clavet_2025
L049,10250-1-3_ACT,11.04284013,DTE,Clavet_2025
L050,11801S-1-54-gr_ACT,10.88512745,DTE,Clavet_2025
L051,12166T-2-57_ACT,10.87089815,DTE,Clavet_2025
L052,12176T-2-50_ACT,11.03243019,DTE,Clavet_2025
L053,12356T-1-60_ACT,10.66302176,DTE,Clavet_2025
L054,12240T-2-49-bk_ACT,10.74777312,DTE,Clavet_2025
L055,IBC_768_ACT,10.57683008,DTE,Clavet_2025
L056,IBC_1006-7_ACT,10.60498398,DTE,Clavet_2025
L057,IBC_1113_ACT,11.26120606,DTE,Clavet_2025
L058,IBC_1266-1_ACT,10.98467106,DTE,Clavet_2025
L059,IBC_1268_ACT,11.12471955,DTE,Clavet_2025
L060,IBC_1273-2_ACT,11.12619175,DTE,Clavet_2025
L061,IBC_1305_ACT,11.0375648,DTE,Clavet_2025
L062,IBC_1307_ACT,11.06366342,DTE,Clavet_2025
L063,IBC_1310_ACT,10.91890323,DTE,Clavet_2025
L064,IBC_1311_ACT,10.95469114,DTE,Clavet_2025
L065,IBC_1314_ACT,10.77252198,DTE,Clavet_2025
L066,IBC_1317_ACT,11.06175822,DTE,Clavet_2025
L067,IBC_1319_ACT,11.20583796,DTE,Clavet_2025
L068,IBC_1320_ACT,11.25470353,DTE,Clavet_2025
L069,IBC_1321_ACT,11.17119965,DTE,Clavet_2025
L070,IBC_1323_ACT,10.96388149,DTE,Clavet_2025
L071,IBC_1324_ACT,10.92845347,DTE,Clavet_2025
L072,IBC_1344_ACT,11.00918021,DTE,Clavet_2025
L073,2462_ACT,10.86103002,DTE,Clavet_2025
L074,2464_ACT,11.29709965,DTE,Clavet_2025
L075,2471-6_ACT,10.6708334,DTE,Clavet_2025
L076,3110_ACT,10.8806532,DTE,Clavet_2025
L077,3114_ACT,10.90878728,DTE,Clavet_2025
L078,IBC_112_ACT,10.82092399,DTE,Clavet_2025
L079,IBC_145_ACT,10.59045953,DTE,Clavet_2025
L080,IBC_187_ACT,10.89074818,DTE,Clavet_2025
L081,IBC_188_ACT,10.83663457,DTE,Clavet_2025
L082,IBC_194_ACT,10.53456037,DTE,Clavet_2025
L083,IBC_289_ACT,11.15733111,DTE,Clavet_2025
L084,IBC_479_ACT,10.88677267,DTE,Clavet_2025
L085,IBC_550_ACT,10.83831034,DTE,Clavet_2025
L086,IBC_586_ACT,10.8526086,DTE,Clavet_2025
L087,IBC_597_ACT,10.84374478,DTE,Clavet_2025
L088,IBC_697_ACT,10.96888807,DTE,Clavet_2025
L089,IBC_839_ACT,10.86265551,DTE,Clavet_2025
L090,IBC_937_ACT,10.7226655,DTE,Clavet_2025
L091,IBC_975_ACT,11.15838591,DTE,Clavet_2025
L092,IBC_978_ACT,10.69732621,DTE,Clavet_2025
L093,IBC_929R_ACT,11.14542074,DTE,Clavet_2025
L094,IBC_929_ACT,11.1522456,DTE,Clavet_2025
L095,IBC_1014-SG_ACT,10.94710484,DTE,Clavet_2025
L096,IBC_1199_ACT,10.65297414,DTE,Clavet_2025
L097,IBC_1235_ACT,10.94217057,DTE,Clavet_2025
L098,IBC_1264-1_ACT,10.87186444,DTE,Clavet_2025
L099,IBC_1267_ACT,11.01020184,DTE,Clavet_2025
L100,IBC_1269_ACT,11.17419668,DTE,Clavet_2025
L001,6933-14_ACT,16.00957232,DTE,Hunter_2025
L002,6935-3_ACT,16.04215856,DTE,Hunter_2025
L003,6991-1_ACT,15.97471886,DTE,Hunter_2025
L004,6996-1_ACT,16.01161854,DTE,Hunter_2025
L005,7005-2_ACT,16.02856696,DTE,Hunter_2025
L006,7024-8_ACT,16.03572928,DTE,Hunter_2025
L007,7043-8_ACT,16.06751738,DTE,Hunter_2025
L008,7049-6_ACT,16.04219813,DTE,Hunter_2025
L009,7060-11_ACT,16.00613111,DTE,Hunter_2025
L010,7060-25_ACT,16.05011168,DTE,Hunter_2025
L011,7094-3_ACT,16.03625686,DTE,Hunter_2025
L012,7105-2_ACT,16.05189221,DTE,Hunter_2025
L013,7148-7_ACT,15.99390871,DTE,Hunter_2025
L014,7208-15_ACT,15.98823395,DTE,Hunter_2025
L015,7250-4_ACT,16.01566447,DTE,Hunter_2025
L016,7276-11_ACT,16.03065797,DTE,Hunter_2025
L017,7278-7_ACT,16.03226609,DTE,Hunter_2025
L018,7301-6_ACT,16.08031781,DTE,Hunter_2025
L019,7333-2-4_ACT,16.02123092,DTE,Hunter_2025
L020,7463-7_ACT,16.00895545,DTE,Hunter_2025
L021,7737-2_ACT,16.03211094,DTE,Hunter_2025
L022,7757-1_ACT,16.01354563,DTE,Hunter_2025
L023,7788-3_ACT,15.96856242,DTE,Hunter_2025
L024,7789-1_ACT,15.99673603,DTE,Hunter_2025
L025,8064-1-5_ACT,15.98367179,DTE,Hunter_2025
L026,8086-1-10-bk_ACT,16.01368785,DTE,Hunter_2025
L027,8579-1-17_ACT,16.03408136,DTE,Hunter_2025
L028,8619-1-10_ACT,16.03860918,DTE,Hunter_2025
L029,8622-1-1-bk_ACT,16.02630445,DTE,Hunter_2025
L030,8666-1-3-bk_ACT,16.05039769,DTE,Hunter_2025
L031,8996-23_ACT,16.01696276,DTE,Hunter_2025
L032,9041-6_ACT,16.02055701,DTE,Hunter_2025
L033,9059-1-2_ACT,16.02988188,DTE,Hunter_2025
L034,9115-5_ACT,15.99654339,DTE,Hunter_2025
L035,9159-3-1_ACT,15.95092084,DTE,Hunter_2025
L036,9184-1_ACT,16.05375974,DTE,Hunter_2025
L037,9225-2-8_ACT,16.04096755,DTE,Hunter_2025
L038,9320-3-MY_ACT,15.96562084,DTE,Hunter_2025
L039,9370-2_ACT,16.01452076,DTE,Hunter_2025
L040,9378-1-3_ACT,16.01861884,DTE,Hunter_2025
L041,9430-3_ACT,16.05923748,DTE,Hunter_2025
L042,9747-1-LG_ACT,15.98312646,DTE,Hunter_2025
L043,9885-1-1_ACT,16.03172088,DTE,Hunter_2025
L044,10121-1_ACT,16.02528489,DTE,Hunter_2025
L045,10121T-3-60_ACT,16.00814996,DTE,Hunter_2025
L046,10137T-1-58_ACT,16.03948047,DTE,Hunter_2025
L047,10222-3-1_ACT,15.91161508,DTE,Hunter_2025
L048,10236-2-SG_ACT,16.0258019,DTE,Hunter_2025
L049,10250-1-3_ACT,16.06854889,DTE,Hunter_2025
L050,11801S-1-54-gr_ACT,15.99406939,DTE,Hunter_2025
L051,12166T-2-57_ACT,16.02989873,DTE,Hunter_2025
L052,12176T-2-50_ACT,16.03615235,DTE,Hunter_2025
L053,12356T-1-60_ACT,15.96453029,DTE,Hunter_2025
L054,12240T-2-49-bk_ACT,16.05874765,DTE,Hunter_2025
L055,IBC_768_ACT,15.96112083,DTE,Hunter_2025
L056,IBC_1006-7_ACT,16.00165139,DTE,Hunter_2025
L057,IBC_1113_ACT,16.0397785,DTE,Hunter_2025
L058,IBC_1266-1_ACT,16.00398029,DTE,Hunter_2025
L059,IBC_1268_ACT,16.0299638,DTE,Hunter_2025
L060,IBC_1273-2_ACT,16.05844764,DTE,Hunter_2025
L061,IBC_1305_ACT,16.03508956,DTE,Hunter_2025
L062,IBC_1307_ACT,15.98932238,DTE,Hunter_2025
L063,IBC_1310_ACT,16.02098252,DTE,Hunter_2025
L064,IBC_1311_ACT,16.01079562,DTE,Hunter_2025
L065,IBC_1314_ACT,16.02764396,DTE,Hunter_2025
L066,IBC_1317_ACT,16.00583802,DTE,Hunter_2025
L067,IBC_1319_ACT,16.04031324,DTE,Hunter_2025
L068,IBC_1320_ACT,16.02653087,DTE,Hunter_2025
L069,IBC_1321_ACT,16.0364749,DTE,Hunter_2025
L070,IBC_1323_ACT,16.02726827,DTE,Hunter_2025
L071,IBC_1324_ACT,16.01233889,DTE,Hunter_2025
L072,IBC_1344_ACT,16.01414412,DTE,Hunter_2025
L073,2462_ACT,16.0003844,DTE,Hunter_2025
L074,2464_ACT,16.04013386,DTE,Hunter_2025
L075,2471-6_ACT,15.98614703,DTE,Hunter_2025
L076,3110_ACT,16.00658558,DTE,Hunter_2025
L077,3114_ACT,16.033064,DTE,Hunter_2025
L078,IBC_112_ACT,16.03914956,DTE,Hunter_2025
L079,IBC_145_ACT,15.99151493,DTE,Hunter_2025
L080,IBC_187_ACT,16.04529838,DTE,Hunter_2025
L081,IBC_188_ACT,16.01910359,DTE,Hunter_2025
L082,IBC_194_ACT,15.99947607,DTE,Hunter_2025
L083,IBC_289_ACT,15.99286047,DTE,Hunter_2025
L084,IBC_479_ACT,16.0424471,DTE,Hunter_2025
L085,IBC_550_ACT,15.98942002,DTE,Hunter_2025
L086,IBC_586_ACT,16.0216989,DTE,Hunter_2025
L087,IBC_597_ACT,16.00366768,DTE,Hunter_2025
L088,IBC_697_ACT,16.00326353,DTE,Hunter_2025
L089,IBC_839_ACT,16.01030404,DTE,Hunter_2025
L090,IBC_937_ACT,15.99177781,DTE,Hunter_2025
L091,IBC_975_ACT,16.07823627,DTE,Hunter_2025
L092,IBC_978_ACT,15.99312831,DTE,Hunter_2025
L093,IBC_929R_ACT,16.00741553,DTE,Hunter_2025
L094,IBC_929_ACT,16.03288205,DTE,Hunter_2025
L095,IBC_1014-SG_ACT,16.01435536,DTE,Hunter_2025
L096,IBC_1199_ACT,15.98962766,DTE,Hunter_2025
L097,IBC_1235_ACT,16.01960942,DTE,Hunter_2025
L098,IBC_1264-1_ACT,16.00878927,DTE,Hunter_2025
L099,IBC_1267_ACT,16.02643977,DTE,Hunter_2025
L100,IBC_1269_ACT,16.02410285,DTE,Hunter_2025
L001,6933-14_ACT,55.88874882,DTF,Clavet_2024
L002,6935-3_ACT,52.69821986,DTF,Clavet_2024
L003,6991-1_ACT,51.90588303,DTF,Clavet_2024
L004,6996-1_ACT,51.67372719,DTF,Clavet_2024
L005,7005-2_ACT,53.23588477,DTF,Clavet_2024
L006,7024-8_ACT,55.26105722,DTF,Clavet_2024
L007,7043-8_ACT,54.24577437,DTF,Clavet_2024
L008,7049-6_ACT,52.97918024,DTF,Clavet_2024
L009,7060-11_ACT,52.9349066,DTF,Clavet_2024
L010,7060-25_ACT,54.29633466,DTF,Clavet_2024
L011,7094-3_ACT,54.3183219,DTF,Clavet_2024
L012,7105-2_ACT,56.81712742,DTF,Clavet_2024
L013,7148-7_ACT,53.38770963,DTF,Clavet_2024
L014,7208-15_ACT,54.19316931,DTF,Clavet_2024
L015,7250-4_ACT,52.28923407,DTF,Clavet_2024
L016,7276-11_ACT,52.59049292,DTF,Clavet_2024
L017,7278-7_ACT,52.45874065,DTF,Clavet_2024
L018,7301-6_ACT,52.73413961,DTF,Clavet_2024
L019,7333-2-4_ACT,53.57518368,DTF,Clavet_2024
L020,7463-7_ACT,55.11738592,DTF,Clavet_2024
L021,7737-2_ACT,52.98487287,DTF,Clavet_2024
L022,7757-1_ACT,55.04979553,DTF,Clavet_2024
L023,7788-3_ACT,53.23021382,DTF,Clavet_2024
L024,7789-1_ACT,53.50289998,DTF,Clavet_2024
L025,8064-1-5_ACT,53.70204735,DTF,Clavet_2024
L026,8086-1-10-bk_ACT,55.11137179,DTF,Clavet_2024
L027,8579-1-17_ACT,52.45783201,DTF,Clavet_2024
L028,8619-1-10_ACT,52.93154797,DTF,Clavet_2024
L029,8622-1-1-bk_ACT,52.53590409,DTF,Clavet_2024
L030,8666-1-3-bk_ACT,55.98293479,DTF,Clavet_2024
L031,8996-23_ACT,51.7996864,DTF,Clavet_2024
L032,9041-6_ACT,53.11196198,DTF,Clavet_2024
L033,9059-1-2_ACT,53.82265508,DTF,Clavet_2024
L034,9115-5_ACT,52.45567354,DTF,Clavet_2024
L035,9159-3-1_ACT,52.10907223,DTF,Clavet_2024
L036,9184-1_ACT,53.02747211,DTF,Clavet_2024
L037,9225-2-8_ACT,54.4831393,DTF,Clavet_2024
L038,9320-3-MY_ACT,54.37377241,DTF,Clavet_2024
L039,9370-2_ACT,51.65952143,DTF,Clavet_2024
L040,9378-1-3_ACT,53.85200379,DTF,Clavet_2024
L041,9430-3_ACT,53.34566013,DTF,Clavet_2024
L042,9747-1-LG_ACT,53.75341634,DTF,Clavet_2024
L043,9885-1-1_ACT,53.36275944,DTF,Clavet_2024
L044,10121-1_ACT,55.41058784,DTF,Clavet_2024
L045,10121T-3-60_ACT,52.92119017,DTF,Clavet_2024
L046,10137T-1-58_ACT,53.47665674,DTF,Clavet_2024
L047,10222-3-1_ACT,52.04281384,DTF,Clavet_2024
L048,10236-2-SG_ACT,52.64068694,DTF,Clavet_2024
L049,10250-1-3_ACT,55.33027501,DTF,Clavet_2024
L050,11801S-1-54-gr_ACT,51.91519376,DTF,Clavet_2024
L051,12166T-2-57_ACT,52.83880454,DTF,Clavet_2024
L052,12176T-2-50_ACT,54.3248537,DTF,Clavet_2024
L053,12356T-1-60_ACT,52.82483374,DTF,Clavet_2024
L054,12240T-2-49-bk_ACT,53.65795856,DTF,Clavet_2024
L055,IBC_768_ACT,52.66562561,DTF,Clavet_2024
L056,IBC_1006-7_ACT,53.12938926,DTF,Clavet_2024
L057,IBC_1113_ACT,53.6114223,DTF,Clavet_2024
L058,IBC_1266-1_ACT,55.25931038,DTF,Clavet_2024
L059,IBC_1268_ACT,54.0267879,DTF,Clavet_2024
L060,IBC_1273-2_ACT,52.0768038,DTF,Clavet_2024
L061,IBC_1305_ACT,53.87284275,DTF,Clavet_2024
L062,IBC_1307_ACT,52.87658764,DTF,Clavet_2024
L063,IBC_1310_ACT,52.25071212,DTF,Clavet_2024
L064,IBC_1311_ACT,52.28302128,DTF,Clavet_2024
L065,IBC_1314_ACT,52.9083504,DTF,Clavet_2024
L066,IBC_1317_ACT,54.57046603,DTF,Clavet_2024
L067,IBC_1319_ACT,52.40998778,DTF,Clavet_2024
L068,IBC_1320_ACT,55.08954449,DTF,Clavet_2024
L069,IBC_1321_ACT,52.9287248,DTF,Clavet_2024
L070,IBC_1323_ACT,52.08599496,DTF,Clavet_2024
L071,IBC_1324_ACT,54.61358515,DTF,Clavet_2024
L072,IBC_1344_ACT,51.93680656,DTF,Clavet_2024
L073,2462_ACT,52.3861682,DTF,Clavet_2024
L074,2464_ACT,52.07226251,DTF,Clavet_2024
L075,2471-6_ACT,52.13128049,DTF,Clavet_2024
L076,3110_ACT,51.82725861,DTF,Clavet_2024
L077,3114_ACT,52.00277898,DTF,Clavet_2024
L078,IBC_112_ACT,52.33130647,DTF,Clavet_2024
L079,IBC_145_ACT,52.7979709,DTF,Clavet_2024
L080,IBC_187_ACT,52.72400764,DTF,Clavet_2024
L081,IBC_188_ACT,52.88857807,DTF,Clavet_2024
L082,IBC_194_ACT,51.86037917,DTF,Clavet_2024
L083,IBC_289_ACT,52.35875008,DTF,Clavet_2024
L084,IBC_479_ACT,52.84466025,DTF,Clavet_2024
L085,IBC_550_ACT,51.79014182,DTF,Clavet_2024
L086,IBC_586_ACT,52.97199772,DTF,Clavet_2024
L087,IBC_597_ACT,51.78690386,DTF,Clavet_2024
L088,IBC_697_ACT,52.25703062,DTF,Clavet_2024
L089,IBC_839_ACT,53.15437986,DTF,Clavet_2024
L090,IBC_937_ACT,52.95179121,DTF,Clavet_2024
L091,IBC_975_ACT,52.18980153,DTF,Clavet_2024
L092,IBC_978_ACT,51.83774714,DTF,Clavet_2024
L093,IBC_929R_ACT,54.06289082,DTF,Clavet_2024
L094,IBC_929_ACT,54.71040738,DTF,Clavet_2024
L095,IBC_1014-SG_ACT,52.92579117,DTF,Clavet_2024
L096,IBC_1199_ACT,52.72883703,DTF,Clavet_2024
L097,IBC_1235_ACT,52.94446208,DTF,Clavet_2024
L098,IBC_1264-1_ACT,53.45858758,DTF,Clavet_2024
L099,IBC_1267_ACT,51.91447682,DTF,Clavet_2024
L100,IBC_1269_ACT,52.50678147,DTF,Clavet_2024
L001,6933-14_ACT,50.79435119,DTF,Hunter_2024
L002,6935-3_ACT,47.32358257,DTF,Hunter_2024
L003,6991-1_ACT,45.26304499,DTF,Hunter_2024
L004,6996-1_ACT,45.45785258,DTF,Hunter_2024
L005,7005-2_ACT,46.0595284,DTF,Hunter_2024
L006,7024-8_ACT,49.95011011,DTF,Hunter_2024
L007,7043-8_ACT,49.47862518,DTF,Hunter_2024
L008,7049-6_ACT,45.90005574,DTF,Hunter_2024
L009,7060-11_ACT,46.23526652,DTF,Hunter_2024
L010,7060-25_ACT,50.30883902,DTF,Hunter_2024
L011,7094-3_ACT,50.3330908,DTF,Hunter_2024
L012,7105-2_ACT,50.89214647,DTF,Hunter_2024
L013,7148-7_ACT,46.35681137,DTF,Hunter_2024
L014,7208-15_ACT,47.72777315,DTF,Hunter_2024
L015,7250-4_ACT,44.99498643,DTF,Hunter_2024
L016,7276-11_ACT,46.2417443,DTF,Hunter_2024
L017,7278-7_ACT,45.79918968,DTF,Hunter_2024
L018,7301-6_ACT,46.7532181,DTF,Hunter_2024
L019,7333-2-4_ACT,48.62174086,DTF,Hunter_2024
L020,7463-7_ACT,49.28196343,DTF,Hunter_2024
L021,7737-2_ACT,47.16046441,DTF,Hunter_2024
L022,7757-1_ACT,49.13926639,DTF,Hunter_2024
L023,7788-3_ACT,47.16868216,DTF,Hunter_2024
L024,7789-1_ACT,48.26564962,DTF,Hunter_2024
L025,8064-1-5_ACT,47.32937195,DTF,Hunter_2024
L026,8086-1-10-bk_ACT,49.74892761,DTF,Hunter_2024
L027,8579-1-17_ACT,46.35379825,DTF,Hunter_2024
L028,8619-1-10_ACT,47.15699974,DTF,Hunter_2024
L029,8622-1-1-bk_ACT,48.06482905,DTF,Hunter_2024
L030,8666-1-3-bk_ACT,49.82441774,DTF,Hunter_2024
L031,8996-23_ACT,44.15752632,DTF,Hunter_2024
L032,9041-6_ACT,46.93927926,DTF,Hunter_2024
L033,9059-1-2_ACT,48.38524497,DTF,Hunter_2024
L034,9115-5_ACT,45.92731228,DTF,Hunter_2024
L035,9159-3-1_ACT,46.06737634,DTF,Hunter_2024
L036,9184-1_ACT,46.86154511,DTF,Hunter_2024
L037,9225-2-8_ACT,49.85077576,DTF,Hunter_2024
L038,9320-3-MY_ACT,48.05940706,DTF,Hunter_2024
L039,9370-2_ACT,44.2362644,DTF,Hunter_2024
L040,9378-1-3_ACT,47.55043305,DTF,Hunter_2024
L041,9430-3_ACT,47.33806148,DTF,Hunter_2024
L042,9747-1-LG_ACT,48.53998328,DTF,Hunter_2024
L043,9885-1-1_ACT,46.6543262,DTF,Hunter_2024
L044,10121-1_ACT,49.75977973,DTF,Hunter_2024
L045,10121T-3-60_ACT,45.7493853,DTF,Hunter_2024
L046,10137T-1-58_ACT,47.33098863,DTF,Hunter_2024
L047,10222-3-1_ACT,46.15181486,DTF,Hunter_2024
L048,10236-2-SG_ACT,46.56667065,DTF,Hunter_2024
L049,10250-1-3_ACT,49.3547857,DTF,Hunter_2024
L050,11801S-1-54-gr_ACT,44.32651137,DTF,Hunter_2024
L051,12166T-2-57_ACT,46.72955639,DTF,Hunter_2024
L052,12176T-2-50_ACT,48.23887618,DTF,Hunter_2024
L053,12356T-1-60_ACT,47.12538195,DTF,Hunter_2024
L054,12240T-2-49-bk_ACT,47.6717622,DTF,Hunter_2024
L055,IBC_768_ACT,46.50652219,DTF,Hunter_2024
L056,IBC_1006-7_ACT,46.56589528,DTF,Hunter_2024
L057,IBC_1113_ACT,46.73710056,DTF,Hunter_2024
L058,IBC_1266-1_ACT,50.1370708,DTF,Hunter_2024
L059,IBC_1268_ACT,48.51341147,DTF,Hunter_2024
L060,IBC_1273-2_ACT,43.44277684,DTF,Hunter_2024
L061,IBC_1305_ACT,47.46602556,DTF,Hunter_2024
L062,IBC_1307_ACT,45.63534565,DTF,Hunter_2024
L063,IBC_1310_ACT,44.92900972,DTF,Hunter_2024
L064,IBC_1311_ACT,45.19519233,DTF,Hunter_2024
L065,IBC_1314_ACT,46.45441675,DTF,Hunter_2024
L066,IBC_1317_ACT,47.41006654,DTF,Hunter_2024
L067,IBC_1319_ACT,45.30706534,DTF,Hunter_2024
L068,IBC_1320_ACT,51.05938624,DTF,Hunter_2024
L069,IBC_1321_ACT,47.22742245,DTF,Hunter_2024
L070,IBC_1323_ACT,46.10239431,DTF,Hunter_2024
L071,IBC_1324_ACT,50.32040054,DTF,Hunter_2024
L072,IBC_1344_ACT,44.02453434,DTF,Hunter_2024
L073,2462_ACT,43.78993737,DTF,Hunter_2024
L074,2464_ACT,43.27882979,DTF,Hunter_2024
L075,2471-6_ACT,43.87945083,DTF,Hunter_2024
L076,3110_ACT,43.54883118,DTF,Hunter_2024
L077,3114_ACT,45.68480136,DTF,Hunter_2024
L078,IBC_112_ACT,46.82293056,DTF,Hunter_2024
L079,IBC_145_ACT,47.01566752,DTF,Hunter_2024
L080,IBC_187_ACT,44.45371326,DTF,Hunter_2024
L081,IBC_188_ACT,47.68530579,DTF,Hunter_2024
L082,IBC_194_ACT,43.95598441,DTF,Hunter_2024
L083,IBC_289_ACT,45.92847601,DTF,Hunter_2024
L084,IBC_479_ACT,46.89625856,DTF,Hunter_2024
L085,IBC_550_ACT,45.34113588,DTF,Hunter_2024
L086,IBC_586_ACT,46.84112135,DTF,Hunter_2024
L087,IBC_597_ACT,45.63444632,DTF,Hunter_2024
L088,IBC_697_ACT,43.38800646,DTF,Hunter_2024
L089,IBC_839_ACT,47.50379293,DTF,Hunter_2024
L090,IBC_937_ACT,45.08763904,DTF,Hunter_2024
L091,IBC_975_ACT,45.31419545,DTF,Hunter_2024
L092,IBC_978_ACT,45.54665626,DTF,Hunter_2024
L093,IBC_929R_ACT,49.00885906,DTF,Hunter_2024
L094,IBC_929_ACT,49.36252409,DTF,Hunter_2024
L095,IBC_1014-SG_ACT,46.95649218,DTF,Hunter_2024
L096,IBC_1199_ACT,46.78190736,DTF,Hunter_2024
L097,IBC_1235_ACT,47.79493194,DTF,Hunter_2024
L098,IBC_1264-1_ACT,47.48652682,DTF,Hunter_2024
L099,IBC_1267_ACT,45.57818697,DTF,Hunter_2024
L100,IBC_1269_ACT,46.28267462,DTF,Hunter_2024
L001,6933-14_ACT,59.02764173,DTF,Clavet_2025
L002,6935-3_ACT,55.09903333,DTF,Clavet_2025
L003,6991-1_ACT,54.2299476,DTF,Clavet_2025
L004,6996-1_ACT,54.14338527,DTF,Clavet_2025
L005,7005-2_ACT,55.13257542,DTF,Clavet_2025
L006,7024-8_ACT,58.2060816,DTF,Clavet_2025
L007,7043-8_ACT,56.47397,DTF,Clavet_2025
L008,7049-6_ACT,54.6326004,DTF,Clavet_2025
L009,7060-11_ACT,54.42006345,DTF,Clavet_2025
L010,7060-25_ACT,56.29974981,DTF,Clavet_2025
L011,7094-3_ACT,57.46312523,DTF,Clavet_2025
L012,7105-2_ACT,58.35176284,DTF,Clavet_2025
L013,7148-7_ACT,55.37909264,DTF,Clavet_2025
L014,7208-15_ACT,56.52949367,DTF,Clavet_2025
L015,7250-4_ACT,52.32393919,DTF,Clavet_2025
L016,7276-11_ACT,54.83286137,DTF,Clavet_2025
L017,7278-7_ACT,55.29767606,DTF,Clavet_2025
L018,7301-6_ACT,54.71072921,DTF,Clavet_2025
L019,7333-2-4_ACT,55.91147861,DTF,Clavet_2025
L020,7463-7_ACT,58.33554989,DTF,Clavet_2025
L021,7737-2_ACT,54.583701,DTF,Clavet_2025
L022,7757-1_ACT,57.55167493,DTF,Clavet_2025
L023,7788-3_ACT,55.38981483,DTF,Clavet_2025
L024,7789-1_ACT,57.10260119,DTF,Clavet_2025
L025,8064-1-5_ACT,55.95919766,DTF,Clavet_2025
L026,8086-1-10-bk_ACT,58.635227,DTF,Clavet_2025
L027,8579-1-17_ACT,54.468388,DTF,Clavet_2025
L028,8619-1-10_ACT,56.45657163,DTF,Clavet_2025
L029,8622-1-1-bk_ACT,55.46997403,DTF,Clavet_2025
L030,8666-1-3-bk_ACT,60.2308813,DTF,Clavet_2025
L031,8996-23_ACT,52.8034621,DTF,Clavet_2025
L032,9041-6_ACT,55.67623404,DTF,Clavet_2025
L033,9059-1-2_ACT,55.96238676,DTF,Clavet_2025
L034,9115-5_ACT,55.00372443,DTF,Clavet_2025
L035,9159-3-1_ACT,54.69889334,DTF,Clavet_2025
L036,9184-1_ACT,54.84447739,DTF,Clavet_2025
L037,9225-2-8_ACT,58.18994387,DTF,Clavet_2025
L038,9320-3-MY_ACT,57.27550496,DTF,Clavet_2025
L039,9370-2_ACT,52.39187042,DTF,Clavet_2025
L040,9378-1-3_ACT,55.6088306,DTF,Clavet_2025
L041,9430-3_ACT,55.60547896,DTF,Clavet_2025
L042,9747-1-LG_ACT,56.70895958,DTF,Clavet_2025
L043,9885-1-1_ACT,54.6908339,DTF,Clavet_2025
L044,10121-1_ACT,57.80513099,DTF,Clavet_2025
L045,10121T-3-60_ACT,54.59478732,DTF,Clavet_2025
L046,10137T-1-58_ACT,55.22442576,DTF,Clavet_2025
L047,10222-3-1_ACT,54.74972569,DTF,Clavet_2025
L048,10236-2-SG_ACT,54.75963039,DTF,Clavet_2025
L049,10250-1-3_ACT,57.42561161,DTF,Clavet_2025
L050,11801S-1-54-gr_ACT,54.11572269,DTF,Clavet_2025
L051,12166T-2-57_ACT,54.94120071,DTF,Clavet_2025
L052,12176T-2-50_ACT,56.12986737,DTF,Clavet_2025
L053,12356T-1-60_ACT,55.49276214,DTF,Clavet_2025
L054,12240T-2-49-bk_ACT,54.76788136,DTF,Clavet_2025
L055,IBC_768_ACT,55.64368442,DTF,Clavet_2025
L056,IBC_1006-7_ACT,55.70742587,DTF,Clavet_2025
L057,IBC_1113_ACT,54.79556778,DTF,Clavet_2025
L058,IBC_1266-1_ACT,57.74502907,DTF,Clavet_2025
L059,IBC_1268_ACT,56.32395842,DTF,Clavet_2025
L060,IBC_1273-2_ACT,51.80089647,DTF,Clavet_2025
L061,IBC_1305_ACT,55.9275528,DTF,Clavet_2025
L062,IBC_1307_ACT,55.52752568,DTF,Clavet_2025
L063,IBC_1310_ACT,53.89071798,DTF,Clavet_2025
L064,IBC_1311_ACT,54.59653337,DTF,Clavet_2025
L065,IBC_1314_ACT,54.70627992,DTF,Clavet_2025
L066,IBC_1317_ACT,55.59330462,DTF,Clavet_2025
L067,IBC_1319_ACT,53.26939035,DTF,Clavet_2025
L068,IBC_1320_ACT,58.5891629,DTF,Clavet_2025
L069,IBC_1321_ACT,54.40845161,DTF,Clavet_2025
L070,IBC_1323_ACT,52.61992404,DTF,Clavet_2025
L071,IBC_1324_ACT,57.95128485,DTF,Clavet_2025
L072,IBC_1344_ACT,51.87633956,DTF,Clavet_2025
L073,2462_ACT,51.66167953,DTF,Clavet_2025
L074,2464_ACT,51.25853405,DTF,Clavet_2025
L075,2471-6_ACT,52.52364196,DTF,Clavet_2025
L076,3110_ACT,51.7119414,DTF,Clavet_2025
L077,3114_ACT,52.60787673,DTF,Clavet_2025
L078,IBC_112_ACT,54.10495494,DTF,Clavet_2025
L079,IBC_145_ACT,56.03917099,DTF,Clavet_2025
L080,IBC_187_ACT,52.86961162,DTF,Clavet_2025
L081,IBC_188_ACT,54.84121881,DTF,Clavet_2025
L082,IBC_194_ACT,53.53719852,DTF,Clavet_2025
L083,IBC_289_ACT,54.33271712,DTF,Clavet_2025
L084,IBC_479_ACT,55.0048617,DTF,Clavet_2025
L085,IBC_550_ACT,54.04829447,DTF,Clavet_2025
L086,IBC_586_ACT,55.46565063,DTF,Clavet_2025
L087,IBC_597_ACT,53.9568645,DTF,Clavet_2025
L088,IBC_697_ACT,51.90794101,DTF,Clavet_2025
L089,IBC_839_ACT,55.2941993,DTF,Clavet_2025
L090,IBC_937_ACT,53.79937911,DTF,Clavet_2025
L091,IBC_975_ACT,53.81597213,DTF,Clavet_2025
L092,IBC_978_ACT,54.1958801,DTF,Clavet_2025
L093,IBC_929R_ACT,56.87344999,DTF,Clavet_2025
L094,IBC_929_ACT,57.34656656,DTF,Clavet_2025
L095,IBC_1014-SG_ACT,55.08059613,DTF,Clavet_2025
L096,IBC_1199_ACT,55.30765267,DTF,Clavet_2025
L097,IBC_1235_ACT,55.34923329,DTF,Clavet_2025
L098,IBC_1264-1_ACT,55.87452364,DTF,Clavet_2025
L099,IBC_1267_ACT,54.94299293,DTF,Clavet_2025
L100,IBC_1269_ACT,55.12360156,DTF,Clavet_2025
L001,6933-14_ACT,56.29900007,DTF,Hunter_2025
L002,6935-3_ACT,54.83062844,DTF,Hunter_2025
L003,6991-1_ACT,52.82007084,DTF,Hunter_2025
L004,6996-1_ACT,52.23607932,DTF,Hunter_2025
L005,7005-2_ACT,54.23424611,DTF,Hunter_2025
L006,7024-8_ACT,55.39608305,DTF,Hunter_2025
L007,7043-8_ACT,54.37837435,DTF,Hunter_2025
L008,7049-6_ACT,53.83809022,DTF,Hunter_2025
L009,7060-11_ACT,52.83940494,DTF,Hunter_2025
L010,7060-25_ACT,55.75905387,DTF,Hunter_2025
L011,7094-3_ACT,54.96404191,DTF,Hunter_2025
L012,7105-2_ACT,56.29463944,DTF,Hunter_2025
L013,7148-7_ACT,54.12908046,DTF,Hunter_2025
L014,7208-15_ACT,53.92825697,DTF,Hunter_2025
L015,7250-4_ACT,51.38282265,DTF,Hunter_2025
L016,7276-11_ACT,53.47371312,DTF,Hunter_2025
L017,7278-7_ACT,53.46462625,DTF,Hunter_2025
L018,7301-6_ACT,53.36917544,DTF,Hunter_2025
L019,7333-2-4_ACT,54.39485176,DTF,Hunter_2025
L020,7463-7_ACT,55.48043969,DTF,Hunter_2025
L021,7737-2_ACT,52.96713944,DTF,Hunter_2025
L022,7757-1_ACT,55.43132515,DTF,Hunter_2025
L023,7788-3_ACT,53.22231886,DTF,Hunter_2025
L024,7789-1_ACT,54.74912348,DTF,Hunter_2025
L025,8064-1-5_ACT,54.27193024,DTF,Hunter_2025
L026,8086-1-10-bk_ACT,55.96355444,DTF,Hunter_2025
L027,8579-1-17_ACT,53.88743019,DTF,Hunter_2025
L028,8619-1-10_ACT,55.05831516,DTF,Hunter_2025
L029,8622-1-1-bk_ACT,53.33708801,DTF,Hunter_2025
L030,8666-1-3-bk_ACT,58.05049201,DTF,Hunter_2025
L031,8996-23_ACT,52.27173244,DTF,Hunter_2025
L032,9041-6_ACT,54.01025386,DTF,Hunter_2025
L033,9059-1-2_ACT,55.75031979,DTF,Hunter_2025
L034,9115-5_ACT,52.94624322,DTF,Hunter_2025
L035,9159-3-1_ACT,53.3230115,DTF,Hunter_2025
L036,9184-1_ACT,53.82054553,DTF,Hunter_2025
L037,9225-2-8_ACT,55.94158695,DTF,Hunter_2025
L038,9320-3-MY_ACT,55.24045374,DTF,Hunter_2025
L039,9370-2_ACT,51.41203208,DTF,Hunter_2025
L040,9378-1-3_ACT,53.76850276,DTF,Hunter_2025
L041,9430-3_ACT,53.70247198,DTF,Hunter_2025
L042,9747-1-LG_ACT,54.44610853,DTF,Hunter_2025
L043,9885-1-1_ACT,53.38350266,DTF,Hunter_2025
L044,10121-1_ACT,56.12676562,DTF,Hunter_2025
L045,10121T-3-60_ACT,53.41020834,DTF,Hunter_2025
L046,10137T-1-58_ACT,54.91110754,DTF,Hunter_2025
L047,10222-3-1_ACT,52.81880602,DTF,Hunter_2025
L048,10236-2-SG_ACT,52.54583918,DTF,Hunter_2025
L049,10250-1-3_ACT,55.47533354,DTF,Hunter_2025
L050,11801S-1-54-gr_ACT,53.91242361,DTF,Hunter_2025
L051,12166T-2-57_ACT,53.44226249,DTF,Hunter_2025
L052,12176T-2-50_ACT,55.36759683,DTF,Hunter_2025
L053,12356T-1-60_ACT,53.2834685,DTF,Hunter_2025
L054,12240T-2-49-bk_ACT,53.61280442,DTF,Hunter_2025
L055,IBC_768_ACT,53.89303425,DTF,Hunter_2025
L056,IBC_1006-7_ACT,54.39287663,DTF,Hunter_2025
L057,IBC_1113_ACT,53.13868874,DTF,Hunter_2025
L058,IBC_1266-1_ACT,55.29818239,DTF,Hunter_2025
L059,IBC_1268_ACT,54.70644963,DTF,Hunter_2025
L060,IBC_1273-2_ACT,52.14961438,DTF,Hunter_2025
L061,IBC_1305_ACT,54.68270012,DTF,Hunter_2025
L062,IBC_1307_ACT,54.17710663,DTF,Hunter_2025
L063,IBC_1310_ACT,53.04463411,DTF,Hunter_2025
L064,IBC_1311_ACT,53.4638066,DTF,Hunter_2025
L065,IBC_1314_ACT,53.45577389,DTF,Hunter_2025
L066,IBC_1317_ACT,55.13623501,DTF,Hunter_2025
L067,IBC_1319_ACT,52.28357563,DTF,Hunter_2025
L068,IBC_1320_ACT,55.47771166,DTF,Hunter_2025
L069,IBC_1321_ACT,52.75499435,DTF,Hunter_2025
L070,IBC_1323_ACT,51.10886749,DTF,Hunter_2025
L071,IBC_1324_ACT,56.55503827,DTF,Hunter_2025
L072,IBC_1344_ACT,51.95393156,DTF,Hunter_2025
L073,2462_ACT,50.62601948,DTF,Hunter_2025
L074,2464_ACT,51.51784032,DTF,Hunter_2025
L075,2471-6_ACT,51.80332486,DTF,Hunter_2025
L076,3110_ACT,52.43995064,DTF,Hunter_2025
L077,3114_ACT,51.27807315,DTF,Hunter_2025
L078,IBC_112_ACT,52.65386857,DTF,Hunter_2025
L079,IBC_145_ACT,53.64984993,DTF,Hunter_2025
L080,IBC_187_ACT,52.60425024,DTF,Hunter_2025
L081,IBC_188_ACT,52.635169,DTF,Hunter_2025
L082,IBC_194_ACT,52.03237112,DTF,Hunter_2025
L083,IBC_289_ACT,53.22195208,DTF,Hunter_2025
L084,IBC_479_ACT,54.33486171,DTF,Hunter_2025
L085,IBC_550_ACT,52.44436286,DTF,Hunter_2025
L086,IBC_586_ACT,53.14793976,DTF,Hunter_2025
L087,IBC_597_ACT,52.65831216,DTF,Hunter_2025
L088,IBC_697_ACT,51.67216558,DTF,Hunter_2025
L089,IBC_839_ACT,52.98972946,DTF,Hunter_2025
L090,IBC_937_ACT,53.75075853,DTF,Hunter_2025
L091,IBC_975_ACT,52.04293773,DTF,Hunter_2025
L092,IBC_978_ACT,51.77581809,DTF,Hunter_2025
L093,IBC_929R_ACT,54.79293745,DTF,Hunter_2025
L094,IBC_929_ACT,55.90134148,DTF,Hunter_2025
L095,IBC_1014-SG_ACT,52.8619854,DTF,Hunter_2025
L096,IBC_1199_ACT,53.798865,DTF,Hunter_2025
L097,IBC_1235_ACT,53.24600852,DTF,Hunter_2025
L098,IBC_1264-1_ACT,53.98833803,DTF,Hunter_2025
L099,IBC_1267_ACT,52.95954968,DTF,Hunter_2025
L100,IBC_1269_ACT,53.33566383,DTF,Hunter_2025
L001,6933-14_ACT,89.17577586,DTM,Clavet_2024
L002,6935-3_ACT,86.35496106,DTM,Clavet_2024
L003,6991-1_ACT,87.57612309,DTM,Clavet_2024
L004,6996-1_ACT,86.76124186,DTM,Clavet_2024
L005,7005-2_ACT,87.7992496,DTM,Clavet_2024
L006,7024-8_ACT,88.86780695,DTM,Clavet_2024
L007,7043-8_ACT,86.7426061,DTM,Clavet_2024
L008,7049-6_ACT,88.68626375,DTM,Clavet_2024
L009,7060-11_ACT,85.49365023,DTM,Clavet_2024
L010,7060-25_ACT,87.40952618,DTM,Clavet_2024
L011,7094-3_ACT,90.24169906,DTM,Clavet_2024
L012,7105-2_ACT,88.90302855,DTM,Clavet_2024
L013,7148-7_ACT,88.40252802,DTM,Clavet_2024
L014,7208-15_ACT,86.40852582,DTM,Clavet_2024
L015,7250-4_ACT,85.96217245,DTM,Clavet_2024
L016,7276-11_ACT,85.81153448,DTM,Clavet_2024
L017,7278-7_ACT,87.20858234,DTM,Clavet_2024
L018,7301-6_ACT,86.71652221,DTM,Clavet_2024
L019,7333-2-4_ACT,84.54687667,DTM,Clavet_2024
L020,7463-7_ACT,87.93891182,DTM,Clavet_2024
L021,7737-2_ACT,84.86030775,DTM,Clavet_2024
L022,7757-1_ACT,89.19789313,DTM,Clavet_2024
L023,7788-3_ACT,87.80389538,DTM,Clavet_2024
L024,7789-1_ACT,89.9850846,DTM,Clavet_2024
L025,8064-1-5_ACT,88.74843487,DTM,Clavet_2024
L026,8086-1-10-bk_ACT,87.21694231,DTM,Clavet_2024
L027,8579-1-17_ACT,83.77855381,DTM,Clavet_2024
L028,8619-1-10_ACT,86.0967549,DTM,Clavet_2024
L029,8622-1-1-bk_ACT,84.72299125,DTM,Clavet_2024
L030,8666-1-3-bk_ACT,88.24598638,DTM,Clavet_2024
L031,8996-23_ACT,84.7918478,DTM,Clavet_2024
L032,9041-6_ACT,85.33285113,DTM,Clavet_2024
L033,9059-1-2_ACT,87.52841421,DTM,Clavet_2024
L034,9115-5_ACT,87.5696696,DTM,Clavet_2024
L035,9159-3-1_ACT,84.60170964,DTM,Clavet_2024
L036,9184-1_ACT,85.57213275,DTM,Clavet_2024
L037,9225-2-8_ACT,85.44279835,DTM,Clavet_2024
L038,9320-3-MY_ACT,88.18537094,DTM,Clavet_2024
L039,9370-2_ACT,85.70143298,DTM,Clavet_2024
L040,9378-1-3_ACT,86.02319084,DTM,Clavet_2024
L041,9430-3_ACT,86.12603888,DTM,Clavet_2024
L042,9747-1-LG_ACT,88.19854253,DTM,Clavet_2024
L043,9885-1-1_ACT,86.8884228,DTM,Clavet_2024
L044,10121-1_ACT,88.10121787,DTM,Clavet_2024
L045,10121T-3-60_ACT,89.15845017,DTM,Clavet_2024
L046,10137T-1-58_ACT,87.27110561,DTM,Clavet_2024
L047,10222-3-1_ACT,87.85257326,DTM,Clavet_2024
L048,10236-2-SG_ACT,86.3073474,DTM,Clavet_2024
L049,10250-1-3_ACT,87.06540662,DTM,Clavet_2024
L050,11801S-1-54-gr_ACT,86.19189275,DTM,Clavet_2024
L051,12166T-2-57_ACT,86.28354813,DTM,Clavet_2024
L052,12176T-2-50_ACT,86.86713686,DTM,Clavet_2024
L053,12356T-1-60_ACT,88.01774192,DTM,Clavet_2024
L054,12240T-2-49-bk_ACT,84.39096249,DTM,Clavet_2024
L055,IBC_768_ACT,87.98059456,DTM,Clavet_2024
L056,IBC_1006-7_ACT,89.09579187,DTM,Clavet_2024
L057,IBC_1113_ACT,84.96950665,DTM,Clavet_2024
L058,IBC_1266-1_ACT,89.11779376,DTM,Clavet_2024
L059,IBC_1268_ACT,89.42875667,DTM,Clavet_2024
L060,IBC_1273-2_ACT,85.88786845,DTM,Clavet_2024
L061,IBC_1305_ACT,88.44510324,DTM,Clavet_2024
L062,IBC_1307_ACT,88.89258738,DTM,Clavet_2024
L063,IBC_1310_ACT,86.31014379,DTM,Clavet_2024
L064,IBC_1311_ACT,86.76533263,DTM,Clavet_2024
L065,IBC_1314_ACT,87.46103489,DTM,Clavet_2024
L066,IBC_1317_ACT,86.16218632,DTM,Clavet_2024
L067,IBC_1319_ACT,83.01130579,DTM,Clavet_2024
L068,IBC_1320_ACT,89.40455044,DTM,Clavet_2024
L069,IBC_1321_ACT,86.14513314,DTM,Clavet_2024
L070,IBC_1323_ACT,86.90982272,DTM,Clavet_2024
L071,IBC_1324_ACT,89.81646832,DTM,Clavet_2024
L072,IBC_1344_ACT,84.87849023,DTM,Clavet_2024
L073,2462_ACT,82.46307974,DTM,Clavet_2024
L074,2464_ACT,82.95014248,DTM,Clavet_2024
L075,2471-6_ACT,84.06208026,DTM,Clavet_2024
L076,3110_ACT,84.92839853,DTM,Clavet_2024
L077,3114_ACT,85.18669298,DTM,Clavet_2024
L078,IBC_112_ACT,83.82844678,DTM,Clavet_2024
L079,IBC_145_ACT,88.94685082,DTM,Clavet_2024
L080,IBC_187_ACT,86.89855861,DTM,Clavet_2024
L081,IBC_188_ACT,83.99072972,DTM,Clavet_2024
L082,IBC_194_ACT,86.57926357,DTM,Clavet_2024
L083,IBC_289_ACT,85.96862192,DTM,Clavet_2024
L084,IBC_479_ACT,87.45737051,DTM,Clavet_2024
L085,IBC_550_ACT,85.6259045,DTM,Clavet_2024
L086,IBC_586_ACT,88.42019248,DTM,Clavet_2024
L087,IBC_597_ACT,87.2257918,DTM,Clavet_2024
L088,IBC_697_ACT,83.96414431,DTM,Clavet_2024
L089,IBC_839_ACT,85.92271056,DTM,Clavet_2024
L090,IBC_937_ACT,89.92409829,DTM,Clavet_2024
L091,IBC_975_ACT,84.49551239,DTM,Clavet_2024
L092,IBC_978_ACT,83.05863173,DTM,Clavet_2024
L093,IBC_929R_ACT,88.19062629,DTM,Clavet_2024
L094,IBC_929_ACT,87.83027003,DTM,Clavet_2024
L095,IBC_1014-SG_ACT,84.79984238,DTM,Clavet_2024
L096,IBC_1199_ACT,88.24026188,DTM,Clavet_2024
L097,IBC_1235_ACT,86.06854218,DTM,Clavet_2024
L098,IBC_1264-1_ACT,87.84650071,DTM,Clavet_2024
L099,IBC_1267_ACT,85.74369315,DTM,Clavet_2024
L100,IBC_1269_ACT,85.24023077,DTM,Clavet_2024
L001,6933-14_ACT,82.81982245,DTM,Hunter_2024
L002,6935-3_ACT,80.71816144,DTM,Hunter_2024
L003,6991-1_ACT,81.90996322,DTM,Hunter_2024
L004,6996-1_ACT,80.70124085,DTM,Hunter_2024
L005,7005-2_ACT,81.8111287,DTM,Hunter_2024
L006,7024-8_ACT,82.89764392,DTM,Hunter_2024
L007,7043-8_ACT,80.78595215,DTM,Hunter_2024
L008,7049-6_ACT,82.67936432,DTM,Hunter_2024
L009,7060-11_ACT,79.85631918,DTM,Hunter_2024
L010,7060-25_ACT,81.66587593,DTM,Hunter_2024
L011,7094-3_ACT,85.44024505,DTM,Hunter_2024
L012,7105-2_ACT,84.10877473,DTM,Hunter_2024
L013,7148-7_ACT,82.19295541,DTM,Hunter_2024
L014,7208-15_ACT,81.24726775,DTM,Hunter_2024
L015,7250-4_ACT,79.54779634,DTM,Hunter_2024
L016,7276-11_ACT,80.64080283,DTM,Hunter_2024
L017,7278-7_ACT,81.35056101,DTM,Hunter_2024
L018,7301-6_ACT,80.33232688,DTM,Hunter_2024
L019,7333-2-4_ACT,80.59967246,DTM,Hunter_2024
L020,7463-7_ACT,81.33812817,DTM,Hunter_2024
L021,7737-2_ACT,79.03079934,DTM,Hunter_2024
L022,7757-1_ACT,84.09456388,DTM,Hunter_2024
L023,7788-3_ACT,82.89296982,DTM,Hunter_2024
L024,7789-1_ACT,84.84591711,DTM,Hunter_2024
L025,8064-1-5_ACT,82.96104369,DTM,Hunter_2024
L026,8086-1-10-bk_ACT,81.37423556,DTM,Hunter_2024
L027,8579-1-17_ACT,78.60099343,DTM,Hunter_2024
L028,8619-1-10_ACT,80.05880362,DTM,Hunter_2024
L029,8622-1-1-bk_ACT,78.6786782,DTM,Hunter_2024
L030,8666-1-3-bk_ACT,82.48468285,DTM,Hunter_2024
L031,8996-23_ACT,78.62814172,DTM,Hunter_2024
L032,9041-6_ACT,80.75434862,DTM,Hunter_2024
L033,9059-1-2_ACT,81.51589674,DTM,Hunter_2024
L034,9115-5_ACT,81.73177628,DTM,Hunter_2024
L035,9159-3-1_ACT,79.73005568,DTM,Hunter_2024
L036,9184-1_ACT,81.03844453,DTM,Hunter_2024
L037,9225-2-8_ACT,80.74494645,DTM,Hunter_2024
L038,9320-3-MY_ACT,81.84169027,DTM,Hunter_2024
L039,9370-2_ACT,80.48609472,DTM,Hunter_2024
L040,9378-1-3_ACT,81.6809479,DTM,Hunter_2024
L041,9430-3_ACT,81.00106845,DTM,Hunter_2024
L042,9747-1-LG_ACT,82.7559034,DTM,Hunter_2024
L043,9885-1-1_ACT,81.39212702,DTM,Hunter_2024
L044,10121-1_ACT,82.72613247,DTM,Hunter_2024
L045,10121T-3-60_ACT,83.9676797,DTM,Hunter_2024
L046,10137T-1-58_ACT,81.2367561,DTM,Hunter_2024
L047,10222-3-1_ACT,84.3080181,DTM,Hunter_2024
L048,10236-2-SG_ACT,80.43898033,DTM,Hunter_2024
L049,10250-1-3_ACT,81.78425942,DTM,Hunter_2024
L050,11801S-1-54-gr_ACT,80.08652307,DTM,Hunter_2024
L051,12166T-2-57_ACT,80.19802647,DTM,Hunter_2024
L052,12176T-2-50_ACT,82.79661005,DTM,Hunter_2024
L053,12356T-1-60_ACT,82.39356385,DTM,Hunter_2024
L054,12240T-2-49-bk_ACT,78.95522554,DTM,Hunter_2024
L055,IBC_768_ACT,83.77406425,DTM,Hunter_2024
L056,IBC_1006-7_ACT,84.76501847,DTM,Hunter_2024
L057,IBC_1113_ACT,78.36783083,DTM,Hunter_2024
L058,IBC_1266-1_ACT,83.58504978,DTM,Hunter_2024
L059,IBC_1268_ACT,84.25323885,DTM,Hunter_2024
L060,IBC_1273-2_ACT,79.05631587,DTM,Hunter_2024
L061,IBC_1305_ACT,83.5806263,DTM,Hunter_2024
L062,IBC_1307_ACT,83.93213222,DTM,Hunter_2024
L063,IBC_1310_ACT,81.71174224,DTM,Hunter_2024
L064,IBC_1311_ACT,79.64521502,DTM,Hunter_2024
L065,IBC_1314_ACT,82.48674192,DTM,Hunter_2024
L066,IBC_1317_ACT,80.12223801,DTM,Hunter_2024
L067,IBC_1319_ACT,76.70030361,DTM,Hunter_2024
L068,IBC_1320_ACT,83.25152749,DTM,Hunter_2024
L069,IBC_1321_ACT,81.36800726,DTM,Hunter_2024
L070,IBC_1323_ACT,81.33894237,DTM,Hunter_2024
L071,IBC_1324_ACT,84.78977471,DTM,Hunter_2024
L072,IBC_1344_ACT,79.23699114,DTM,Hunter_2024
L073,2462_ACT,77.12465742,DTM,Hunter_2024
L074,2464_ACT,78.96856036,DTM,Hunter_2024
L075,2471-6_ACT,79.93246605,DTM,Hunter_2024
L076,3110_ACT,80.07936159,DTM,Hunter_2024
L077,3114_ACT,80.50213779,DTM,Hunter_2024
L078,IBC_112_ACT,79.22635443,DTM,Hunter_2024
L079,IBC_145_ACT,83.1740944,DTM,Hunter_2024
L080,IBC_187_ACT,81.52502039,DTM,Hunter_2024
L081,IBC_188_ACT,77.8835596,DTM,Hunter_2024
L082,IBC_194_ACT,81.9585024,DTM,Hunter_2024
L083,IBC_289_ACT,80.17791446,DTM,Hunter_2024
L084,IBC_479_ACT,81.58626244,DTM,Hunter_2024
L085,IBC_550_ACT,80.64130109,DTM,Hunter_2024
L086,IBC_586_ACT,83.57724813,DTM,Hunter_2024
L087,IBC_597_ACT,81.92245607,DTM,Hunter_2024
L088,IBC_697_ACT,78.84918847,DTM,Hunter_2024
L089,IBC_839_ACT,81.98984253,DTM,Hunter_2024
L090,IBC_937_ACT,85.22816292,DTM,Hunter_2024
L091,IBC_975_ACT,78.73139044,DTM,Hunter_2024
L092,IBC_978_ACT,78.67302835,DTM,Hunter_2024
L093,IBC_929R_ACT,81.72751701,DTM,Hunter_2024
L094,IBC_929_ACT,81.31518608,DTM,Hunter_2024
L095,IBC_1014-SG_ACT,79.36894043,DTM,Hunter_2024
L096,IBC_1199_ACT,83.69820576,DTM,Hunter_2024
L097,IBC_1235_ACT,81.06779441,DTM,Hunter_2024
L098,IBC_1264-1_ACT,82.13100134,DTM,Hunter_2024
L099,IBC_1267_ACT,82.9097848,DTM,Hunter_2024
L100,IBC_1269_ACT,81.76734494,DTM,Hunter_2024
L001,6933-14_ACT,1.353874234,DTM,Clavet_2025
L002,6935-3_ACT,0.831282197,DTM,Clavet_2025
L003,6991-1_ACT,3.117017652,DTM,Clavet_2025
L004,6996-1_ACT,3.247221182,DTM,Clavet_2025
L005,7005-2_ACT,2.642677511,DTM,Clavet_2025
L006,7024-8_ACT,6.505772777,DTM,Clavet_2025
L007,7043-8_ACT,1.743218623,DTM,Clavet_2025
L008,7049-6_ACT,3.167012362,DTM,Clavet_2025
L009,7060-11_ACT,5.248041434,DTM,Clavet_2025
L010,7060-25_ACT,4.599514412,DTM,Clavet_2025
L011,7094-3_ACT,1.849310286,DTM,Clavet_2025
L012,7105-2_ACT,2.183118784,DTM,Clavet_2025
L013,7148-7_ACT,2.637177889,DTM,Clavet_2025
L014,7208-15_ACT,1.865827497,DTM,Clavet_2025
L015,7250-4_ACT,3.238935176,DTM,Clavet_2025
L016,7276-11_ACT,2.944734242,DTM,Clavet_2025
L017,7278-7_ACT,2.943702897,DTM,Clavet_2025
L018,7301-6_ACT,1.190228804,DTM,Clavet_2025
L019,7333-2-4_ACT,1.147145811,DTM,Clavet_2025
L020,7463-7_ACT,3.076365145,DTM,Clavet_2025
L021,7737-2_ACT,1.102335575,DTM,Clavet_2025
L022,7757-1_ACT,2.608054872,DTM,Clavet_2025
L023,7788-3_ACT,1.530426485,DTM,Clavet_2025
L024,7789-1_ACT,3.230809742,DTM,Clavet_2025
L025,8064-1-5_ACT,1.482502591,DTM,Clavet_2025
L026,8086-1-10-bk_ACT,7.341696313,DTM,Clavet_2025
L027,8579-1-17_ACT,1.605971873,DTM,Clavet_2025
L028,8619-1-10_ACT,1.833071278,DTM,Clavet_2025
L029,8622-1-1-bk_ACT,1.543743887,DTM,Clavet_2025
L030,8666-1-3-bk_ACT,1.424271546,DTM,Clavet_2025
L031,8996-23_ACT,1.200075885,DTM,Clavet_2025
L032,9041-6_ACT,1.200790661,DTM,Clavet_2025
L033,9059-1-2_ACT,1.149436597,DTM,Clavet_2025
L034,9115-5_ACT,6.32185027,DTM,Clavet_2025
L035,9159-3-1_ACT,1.705627876,DTM,Clavet_2025
L036,9184-1_ACT,1.826776669,DTM,Clavet_2025
L037,9225-2-8_ACT,1.138578037,DTM,Clavet_2025
L038,9320-3-MY_ACT,1.622335903,DTM,Clavet_2025
L039,9370-2_ACT,2.817540297,DTM,Clavet_2025
L040,9378-1-3_ACT,2.985480878,DTM,Clavet_2025
L041,9430-3_ACT,6.013799958,DTM,Clavet_2025
L042,9747-1-LG_ACT,1.698403285,DTM,Clavet_2025
L043,9885-1-1_ACT,1.370157954,DTM,Clavet_2025
L044,10121-1_ACT,1.876121329,DTM,Clavet_2025
L045,10121T-3-60_ACT,2.958825884,DTM,Clavet_2025
L046,10137T-1-58_ACT,1.474283718,DTM,Clavet_2025
L047,10222-3-1_ACT,2.495834879,DTM,Clavet_2025
L048,10236-2-SG_ACT,1.251213098,DTM,Clavet_2025
L049,10250-1-3_ACT,2.917884578,DTM,Clavet_2025
L050,11801S-1-54-gr_ACT,3.168417207,DTM,Clavet_2025
L051,12166T-2-57_ACT,1.625241409,DTM,Clavet_2025
L052,12176T-2-50_ACT,0.874243439,DTM,Clavet_2025
L053,12356T-1-60_ACT,1.618578779,DTM,Clavet_2025
L054,12240T-2-49-bk_ACT,1.177677412,DTM,Clavet_2025
L055,IBC_768_ACT,1.822301209,DTM,Clavet_2025
L056,IBC_1006-7_ACT,4.735128807,DTM,Clavet_2025
L057,IBC_1113_ACT,1.2625487,DTM,Clavet_2025
L058,IBC_1266-1_ACT,3.05829515,DTM,Clavet_2025
L059,IBC_1268_ACT,5.082176016,DTM,Clavet_2025
L060,IBC_1273-2_ACT,1.445121693,DTM,Clavet_2025
L061,IBC_1305_ACT,2.513342873,DTM,Clavet_2025
L062,IBC_1307_ACT,4.852053721,DTM,Clavet_2025
L063,IBC_1310_ACT,1.385555269,DTM,Clavet_2025
L064,IBC_1311_ACT,1.386807001,DTM,Clavet_2025
L065,IBC_1314_ACT,2.952076943,DTM,Clavet_2025
L066,IBC_1317_ACT,3.184222582,DTM,Clavet_2025
L067,IBC_1319_ACT,1.336671382,DTM,Clavet_2025
L068,IBC_1320_ACT,1.389781955,DTM,Clavet_2025
L069,IBC_1321_ACT,4.824056213,DTM,Clavet_2025
L070,IBC_1323_ACT,2.694065893,DTM,Clavet_2025
L071,IBC_1324_ACT,2.924967871,DTM,Clavet_2025
L072,IBC_1344_ACT,1.899906139,DTM,Clavet_2025
L073,2462_ACT,0.584551748,DTM,Clavet_2025
L074,2464_ACT,1.831970963,DTM,Clavet_2025
L075,2471-6_ACT,1.999668086,DTM,Clavet_2025
L076,3110_ACT,1.705922436,DTM,Clavet_2025
L077,3114_ACT,1.488496178,DTM,Clavet_2025
L078,IBC_112_ACT,1.31748892,DTM,Clavet_2025
L079,IBC_145_ACT,1.496248117,DTM,Clavet_2025
L080,IBC_187_ACT,1.313500683,DTM,Clavet_2025
L081,IBC_188_ACT,1.510138788,DTM,Clavet_2025
L082,IBC_194_ACT,1.411295148,DTM,Clavet_2025
L083,IBC_289_ACT,1.142906379,DTM,Clavet_2025
L084,IBC_479_ACT,4.196330737,DTM,Clavet_2025
L085,IBC_550_ACT,1.124596466,DTM,Clavet_2025
L086,IBC_586_ACT,1.983878103,DTM,Clavet_2025
L087,IBC_597_ACT,1.06991965,DTM,Clavet_2025
L088,IBC_697_ACT,1.543436935,DTM,Clavet_2025
L089,IBC_839_ACT,2.044563568,DTM,Clavet_2025
L090,IBC_937_ACT,3.00103095,DTM,Clavet_2025
L091,IBC_975_ACT,1.830193288,DTM,Clavet_2025
L092,IBC_978_ACT,0.912312013,DTM,Clavet_2025
L093,IBC_929R_ACT,3.060016541,DTM,Clavet_2025
L094,IBC_929_ACT,1.818494515,DTM,Clavet_2025
L095,IBC_1014-SG_ACT,0.750711998,DTM,Clavet_2025
L096,IBC_1199_ACT,2.885154822,DTM,Clavet_2025
L097,IBC_1235_ACT,1.027940567,DTM,Clavet_2025
L098,IBC_1264-1_ACT,1.014351131,DTM,Clavet_2025
L099,IBC_1267_ACT,3.568603786,DTM,Clavet_2025
L100,IBC_1269_ACT,3.993716528,DTM,Clavet_2025
L001,6933-14_ACT,93.69714456,DTM,Hunter_2025
L002,6935-3_ACT,91.87416772,DTM,Hunter_2025
L003,6991-1_ACT,93.01814002,DTM,Hunter_2025
L004,6996-1_ACT,90.91584578,DTM,Hunter_2025
L005,7005-2_ACT,94.79205116,DTM,Hunter_2025
L006,7024-8_ACT,95.15767731,DTM,Hunter_2025
L007,7043-8_ACT,93.5004894,DTM,Hunter_2025
L008,7049-6_ACT,94.16321577,DTM,Hunter_2025
L009,7060-11_ACT,91.800781,DTM,Hunter_2025
L010,7060-25_ACT,93.35787935,DTM,Hunter_2025
L011,7094-3_ACT,96.64176231,DTM,Hunter_2025
L012,7105-2_ACT,94.85811336,DTM,Hunter_2025
L013,7148-7_ACT,94.52616713,DTM,Hunter_2025
L014,7208-15_ACT,92.32284285,DTM,Hunter_2025
L015,7250-4_ACT,90.86283249,DTM,Hunter_2025
L016,7276-11_ACT,92.06469628,DTM,Hunter_2025
L017,7278-7_ACT,93.77273923,DTM,Hunter_2025
L018,7301-6_ACT,93.41715526,DTM,Hunter_2025
L019,7333-2-4_ACT,92.68038915,DTM,Hunter_2025
L020,7463-7_ACT,93.90070554,DTM,Hunter_2025
L021,7737-2_ACT,92.03952877,DTM,Hunter_2025
L022,7757-1_ACT,94.01587906,DTM,Hunter_2025
L023,7788-3_ACT,92.42810525,DTM,Hunter_2025
L024,7789-1_ACT,95.07910893,DTM,Hunter_2025
L025,8064-1-5_ACT,92.86575436,DTM,Hunter_2025
L026,8086-1-10-bk_ACT,94.07364434,DTM,Hunter_2025
L027,8579-1-17_ACT,91.57706555,DTM,Hunter_2025
L028,8619-1-10_ACT,91.87359004,DTM,Hunter_2025
L029,8622-1-1-bk_ACT,91.05368799,DTM,Hunter_2025
L030,8666-1-3-bk_ACT,94.926442,DTM,Hunter_2025
L031,8996-23_ACT,92.5494712,DTM,Hunter_2025
L032,9041-6_ACT,91.75515329,DTM,Hunter_2025
L033,9059-1-2_ACT,94.00119934,DTM,Hunter_2025
L034,9115-5_ACT,94.67124335,DTM,Hunter_2025
L035,9159-3-1_ACT,92.10438873,DTM,Hunter_2025
L036,9184-1_ACT,91.60081855,DTM,Hunter_2025
L037,9225-2-8_ACT,93.59790738,DTM,Hunter_2025
L038,9320-3-MY_ACT,93.37290301,DTM,Hunter_2025
L039,9370-2_ACT,91.49147759,DTM,Hunter_2025
L040,9378-1-3_ACT,92.21557766,DTM,Hunter_2025
L041,9430-3_ACT,94.06110478,DTM,Hunter_2025
L042,9747-1-LG_ACT,93.46499422,DTM,Hunter_2025
L043,9885-1-1_ACT,91.71164321,DTM,Hunter_2025
L044,10121-1_ACT,94.31099631,DTM,Hunter_2025
L045,10121T-3-60_ACT,94.44038485,DTM,Hunter_2025
L046,10137T-1-58_ACT,94.52774563,DTM,Hunter_2025
L047,10222-3-1_ACT,93.42477855,DTM,Hunter_2025
L048,10236-2-SG_ACT,93.58607216,DTM,Hunter_2025
L049,10250-1-3_ACT,94.92937697,DTM,Hunter_2025
L050,11801S-1-54-gr_ACT,92.47984131,DTM,Hunter_2025
L051,12166T-2-57_ACT,91.55563277,DTM,Hunter_2025
L052,12176T-2-50_ACT,92.07183332,DTM,Hunter_2025
L053,12356T-1-60_ACT,93.53785096,DTM,Hunter_2025
L054,12240T-2-49-bk_ACT,90.83219139,DTM,Hunter_2025
L055,IBC_768_ACT,94.01047791,DTM,Hunter_2025
L056,IBC_1006-7_ACT,95.84473366,DTM,Hunter_2025
L057,IBC_1113_ACT,91.99030447,DTM,Hunter_2025
L058,IBC_1266-1_ACT,93.44854501,DTM,Hunter_2025
L059,IBC_1268_ACT,95.25865815,DTM,Hunter_2025
L060,IBC_1273-2_ACT,93.0091529,DTM,Hunter_2025
L061,IBC_1305_ACT,93.7572668,DTM,Hunter_2025
L062,IBC_1307_ACT,94.6930544,DTM,Hunter_2025
L063,IBC_1310_ACT,92.78214649,DTM,Hunter_2025
L064,IBC_1311_ACT,92.30322857,DTM,Hunter_2025
L065,IBC_1314_ACT,94.51209102,DTM,Hunter_2025
L066,IBC_1317_ACT,93.99922417,DTM,Hunter_2025
L067,IBC_1319_ACT,91.66629055,DTM,Hunter_2025
L068,IBC_1320_ACT,95.25296673,DTM,Hunter_2025
L069,IBC_1321_ACT,92.84101373,DTM,Hunter_2025
L070,IBC_1323_ACT,93.9829003,DTM,Hunter_2025
L071,IBC_1324_ACT,96.92037956,DTM,Hunter_2025
L072,IBC_1344_ACT,91.25595176,DTM,Hunter_2025
L073,2462_ACT,90.68100057,DTM,Hunter_2025
L074,2464_ACT,90.18370544,DTM,Hunter_2025
L075,2471-6_ACT,91.27013059,DTM,Hunter_2025
L076,3110_ACT,91.5272353,DTM,Hunter_2025
L077,3114_ACT,91.86546142,DTM,Hunter_2025
L078,IBC_112_ACT,90.40556272,DTM,Hunter_2025
L079,IBC_145_ACT,94.0809337,DTM,Hunter_2025
L080,IBC_187_ACT,92.70083466,DTM,Hunter_2025
L081,IBC_188_ACT,91.22867009,DTM,Hunter_2025
L082,IBC_194_ACT,91.53090847,DTM,Hunter_2025
L083,IBC_289_ACT,92.9926508,DTM,Hunter_2025
L084,IBC_479_ACT,92.35322117,DTM,Hunter_2025
L085,IBC_550_ACT,91.77470988,DTM,Hunter_2025
L086,IBC_586_ACT,91.69536876,DTM,Hunter_2025
L087,IBC_597_ACT,93.14728,DTM,Hunter_2025
L088,IBC_697_ACT,91.4715134,DTM,Hunter_2025
L089,IBC_839_ACT,92.07278801,DTM,Hunter_2025
L090,IBC_937_ACT,95.9493469,DTM,Hunter_2025
L091,IBC_975_ACT,92.06776105,DTM,Hunter_2025
L092,IBC_978_ACT,90.74887252,DTM,Hunter_2025
L093,IBC_929R_ACT,93.93254716,DTM,Hunter_2025
L094,IBC_929_ACT,93.69266685,DTM,Hunter_2025
L095,IBC_1014-SG_ACT,92.19330926,DTM,Hunter_2025
L096,IBC_1199_ACT,94.11358376,DTM,Hunter_2025
L097,IBC_1235_ACT,94.02931493,DTM,Hunter_2025
L098,IBC_1264-1_ACT,93.23284635,DTM,Hunter_2025
L099,IBC_1267_ACT,93.89657718,DTM,Hunter_2025
L100,IBC_1269_ACT,93.78418312,DTM,Hunter_2025
L001,6933-14_ACT,1.497001776,lodging,Clavet_2024
L002,6935-3_ACT,3.027678173,lodging,Clavet_2024
L003,6991-1_ACT,1.877849475,lodging,Clavet_2024
L004,6996-1_ACT,1.756299298,lodging,Clavet_2024
L005,7005-2_ACT,2.542653991,lodging,Clavet_2024
L006,7024-8_ACT,1.742569898,lodging,Clavet_2024
L007,7043-8_ACT,1.517101497,lodging,Clavet_2024
L008,7049-6_ACT,2.592055194,lodging,Clavet_2024
L009,7060-11_ACT,1.968627814,lodging,Clavet_2024
L010,7060-25_ACT,1.987013294,lodging,Clavet_2024
L011,7094-3_ACT,2.053367054,lodging,Clavet_2024
L012,7105-2_ACT,1.711734883,lodging,Clavet_2024
L013,7148-7_ACT,3.02134526,lodging,Clavet_2024
L014,7208-15_ACT,2.52361005,lodging,Clavet_2024
L015,7250-4_ACT,2.416026203,lodging,Clavet_2024
L016,7276-11_ACT,3.703736018,lodging,Clavet_2024
L017,7278-7_ACT,3.050954715,lodging,Clavet_2024
L018,7301-6_ACT,3.308728585,lodging,Clavet_2024
L019,7333-2-4_ACT,4.30813058,lodging,Clavet_2024
L020,7463-7_ACT,3.288475201,lodging,Clavet_2024
L021,7737-2_ACT,2.453231727,lodging,Clavet_2024
L022,7757-1_ACT,3.971340495,lodging,Clavet_2024
L023,7788-3_ACT,4.619015035,lodging,Clavet_2024
L024,7789-1_ACT,4.626575761,lodging,Clavet_2024
L025,8064-1-5_ACT,4.769280377,lodging,Clavet_2024
L026,8086-1-10-bk_ACT,2.57575584,lodging,Clavet_2024
L027,8579-1-17_ACT,3.004959152,lodging,Clavet_2024
L028,8619-1-10_ACT,4.271130502,lodging,Clavet_2024
L029,8622-1-1-bk_ACT,3.777439877,lodging,Clavet_2024
L030,8666-1-3-bk_ACT,2.491941434,lodging,Clavet_2024
L031,8996-23_ACT,2.596854012,lodging,Clavet_2024
L032,9041-6_ACT,4.17763779,lodging,Clavet_2024
L033,9059-1-2_ACT,3.960247741,lodging,Clavet_2024
L034,9115-5_ACT,4.723450662,lodging,Clavet_2024
L035,9159-3-1_ACT,2.434185114,lodging,Clavet_2024
L036,9184-1_ACT,3.911785116,lodging,Clavet_2024
L037,9225-2-8_ACT,3.672382382,lodging,Clavet_2024
L038,9320-3-MY_ACT,4.497535283,lodging,Clavet_2024
L039,9370-2_ACT,2.110444506,lodging,Clavet_2024
L040,9378-1-3_ACT,3.475332013,lodging,Clavet_2024
L041,9430-3_ACT,2.125762681,lodging,Clavet_2024
L042,9747-1-LG_ACT,3.445195329,lodging,Clavet_2024
L043,9885-1-1_ACT,2.696151244,lodging,Clavet_2024
L044,10121-1_ACT,2.464017193,lodging,Clavet_2024
L045,10121T-3-60_ACT,3.169053743,lodging,Clavet_2024
L046,10137T-1-58_ACT,3.267254637,lodging,Clavet_2024
L047,10222-3-1_ACT,4.454630326,lodging,Clavet_2024
L048,10236-2-SG_ACT,3.039584637,lodging,Clavet_2024
L049,10250-1-3_ACT,2.069650725,lodging,Clavet_2024
L050,11801S-1-54-gr_ACT,1.942686956,lodging,Clavet_2024
L051,12166T-2-57_ACT,3.412796354,lodging,Clavet_2024
L052,12176T-2-50_ACT,2.983946631,lodging,Clavet_2024
L053,12356T-1-60_ACT,4.516340209,lodging,Clavet_2024
L054,12240T-2-49-bk_ACT,2.288834925,lodging,Clavet_2024
L055,IBC_768_ACT,4.681689361,lodging,Clavet_2024
L056,IBC_1006-7_ACT,3.535784536,lodging,Clavet_2024
L057,IBC_1113_ACT,3.03315738,lodging,Clavet_2024
L058,IBC_1266-1_ACT,2.015681043,lodging,Clavet_2024
L059,IBC_1268_ACT,3.432946625,lodging,Clavet_2024
L060,IBC_1273-2_ACT,2.731473629,lodging,Clavet_2024
L061,IBC_1305_ACT,2.579760165,lodging,Clavet_2024
L062,IBC_1307_ACT,3.251381588,lodging,Clavet_2024
L063,IBC_1310_ACT,2.81808252,lodging,Clavet_2024
L064,IBC_1311_ACT,3.268532282,lodging,Clavet_2024
L065,IBC_1314_ACT,2.770602779,lodging,Clavet_2024
L066,IBC_1317_ACT,2.385816861,lodging,Clavet_2024
L067,IBC_1319_ACT,3.522904733,lodging,Clavet_2024
L068,IBC_1320_ACT,1.089594281,lodging,Clavet_2024
L069,IBC_1321_ACT,2.169858265,lodging,Clavet_2024
L070,IBC_1323_ACT,1.681752648,lodging,Clavet_2024
L071,IBC_1324_ACT,2.112231364,lodging,Clavet_2024
L072,IBC_1344_ACT,4.564370092,lodging,Clavet_2024
L073,2462_ACT,4.410236178,lodging,Clavet_2024
L074,2464_ACT,4.176245907,lodging,Clavet_2024
L075,2471-6_ACT,4.605570633,lodging,Clavet_2024
L076,3110_ACT,4.267485974,lodging,Clavet_2024
L077,3114_ACT,2.353625125,lodging,Clavet_2024
L078,IBC_112_ACT,4.537728133,lodging,Clavet_2024
L079,IBC_145_ACT,4.551245152,lodging,Clavet_2024
L080,IBC_187_ACT,4.508221262,lodging,Clavet_2024
L081,IBC_188_ACT,4.310398337,lodging,Clavet_2024
L082,IBC_194_ACT,4.804679,lodging,Clavet_2024
L083,IBC_289_ACT,2.357490494,lodging,Clavet_2024
L084,IBC_479_ACT,1.885736406,lodging,Clavet_2024
L085,IBC_550_ACT,3.314793125,lodging,Clavet_2024
L086,IBC_586_ACT,4.401922619,lodging,Clavet_2024
L087,IBC_597_ACT,3.111974538,lodging,Clavet_2024
L088,IBC_697_ACT,3.575458835,lodging,Clavet_2024
L089,IBC_839_ACT,2.930535851,lodging,Clavet_2024
L090,IBC_937_ACT,4.149950618,lodging,Clavet_2024
L091,IBC_975_ACT,2.867319605,lodging,Clavet_2024
L092,IBC_978_ACT,3.803896509,lodging,Clavet_2024
L093,IBC_929R_ACT,1.514871989,lodging,Clavet_2024
L094,IBC_929_ACT,2.164021865,lodging,Clavet_2024
L095,IBC_1014-SG_ACT,3.333939426,lodging,Clavet_2024
L096,IBC_1199_ACT,4.19555343,lodging,Clavet_2024
L097,IBC_1235_ACT,2.22602075,lodging,Clavet_2024
L098,IBC_1264-1_ACT,3.534831528,lodging,Clavet_2024
L099,IBC_1267_ACT,4.27433312,lodging,Clavet_2024
L100,IBC_1269_ACT,4.206501392,lodging,Clavet_2024
L001,6933-14_ACT,2.61613176,lodging,Hunter_2024
L002,6935-3_ACT,3.027585598,lodging,Hunter_2024
L003,6991-1_ACT,2.455194092,lodging,Hunter_2024
L004,6996-1_ACT,2.711318743,lodging,Hunter_2024
L005,7005-2_ACT,2.782181857,lodging,Hunter_2024
L006,7024-8_ACT,2.806824468,lodging,Hunter_2024
L007,7043-8_ACT,2.287367261,lodging,Hunter_2024
L008,7049-6_ACT,2.952534005,lodging,Hunter_2024
L009,7060-11_ACT,2.357891816,lodging,Hunter_2024
L010,7060-25_ACT,2.538287869,lodging,Hunter_2024
L011,7094-3_ACT,3.117135105,lodging,Hunter_2024
L012,7105-2_ACT,1.86776348,lodging,Hunter_2024
L013,7148-7_ACT,2.853717221,lodging,Hunter_2024
L014,7208-15_ACT,2.657104962,lodging,Hunter_2024
L015,7250-4_ACT,2.368109651,lodging,Hunter_2024
L016,7276-11_ACT,3.213545836,lodging,Hunter_2024
L017,7278-7_ACT,2.822150057,lodging,Hunter_2024
L018,7301-6_ACT,3.032302274,lodging,Hunter_2024
L019,7333-2-4_ACT,3.836188934,lodging,Hunter_2024
L020,7463-7_ACT,3.401441556,lodging,Hunter_2024
L021,7737-2_ACT,2.030221429,lodging,Hunter_2024
L022,7757-1_ACT,3.552412325,lodging,Hunter_2024
L023,7788-3_ACT,3.756384949,lodging,Hunter_2024
L024,7789-1_ACT,3.683573823,lodging,Hunter_2024
L025,8064-1-5_ACT,3.766384415,lodging,Hunter_2024
L026,8086-1-10-bk_ACT,3.040022246,lodging,Hunter_2024
L027,8579-1-17_ACT,2.8022284,lodging,Hunter_2024
L028,8619-1-10_ACT,3.83024759,lodging,Hunter_2024
L029,8622-1-1-bk_ACT,2.649944435,lodging,Hunter_2024
L030,8666-1-3-bk_ACT,2.544219152,lodging,Hunter_2024
L031,8996-23_ACT,2.772236095,lodging,Hunter_2024
L032,9041-6_ACT,3.794634245,lodging,Hunter_2024
L033,9059-1-2_ACT,3.69950188,lodging,Hunter_2024
L034,9115-5_ACT,4.078803424,lodging,Hunter_2024
L035,9159-3-1_ACT,2.501213418,lodging,Hunter_2024
L036,9184-1_ACT,3.230843013,lodging,Hunter_2024
L037,9225-2-8_ACT,3.750140155,lodging,Hunter_2024
L038,9320-3-MY_ACT,4.065363533,lodging,Hunter_2024
L039,9370-2_ACT,2.28305355,lodging,Hunter_2024
L040,9378-1-3_ACT,2.86873187,lodging,Hunter_2024
L041,9430-3_ACT,2.610128814,lodging,Hunter_2024
L042,9747-1-LG_ACT,3.314591567,lodging,Hunter_2024
L043,9885-1-1_ACT,3.294961571,lodging,Hunter_2024
L044,10121-1_ACT,3.136342458,lodging,Hunter_2024
L045,10121T-3-60_ACT,3.325755692,lodging,Hunter_2024
L046,10137T-1-58_ACT,3.166880248,lodging,Hunter_2024
L047,10222-3-1_ACT,3.746215903,lodging,Hunter_2024
L048,10236-2-SG_ACT,3.492259044,lodging,Hunter_2024
L049,10250-1-3_ACT,1.883703244,lodging,Hunter_2024
L050,11801S-1-54-gr_ACT,2.487232387,lodging,Hunter_2024
L051,12166T-2-57_ACT,3.660167933,lodging,Hunter_2024
L052,12176T-2-50_ACT,3.275943213,lodging,Hunter_2024
L053,12356T-1-60_ACT,3.730283253,lodging,Hunter_2024
L054,12240T-2-49-bk_ACT,2.109737192,lodging,Hunter_2024
L055,IBC_768_ACT,3.682985967,lodging,Hunter_2024
L056,IBC_1006-7_ACT,3.555358029,lodging,Hunter_2024
L057,IBC_1113_ACT,2.437986338,lodging,Hunter_2024
L058,IBC_1266-1_ACT,2.562285175,lodging,Hunter_2024
L059,IBC_1268_ACT,3.07007293,lodging,Hunter_2024
L060,IBC_1273-2_ACT,2.461996687,lodging,Hunter_2024
L061,IBC_1305_ACT,2.798289855,lodging,Hunter_2024
L062,IBC_1307_ACT,3.324697138,lodging,Hunter_2024
L063,IBC_1310_ACT,2.799481299,lodging,Hunter_2024
L064,IBC_1311_ACT,2.646182717,lodging,Hunter_2024
L065,IBC_1314_ACT,2.853766734,lodging,Hunter_2024
L066,IBC_1317_ACT,2.795908404,lodging,Hunter_2024
L067,IBC_1319_ACT,2.880092956,lodging,Hunter_2024
L068,IBC_1320_ACT,1.90928153,lodging,Hunter_2024
L069,IBC_1321_ACT,2.385577018,lodging,Hunter_2024
L070,IBC_1323_ACT,1.948982452,lodging,Hunter_2024
L071,IBC_1324_ACT,2.383067171,lodging,Hunter_2024
L072,IBC_1344_ACT,3.599751374,lodging,Hunter_2024
L073,2462_ACT,4.030046105,lodging,Hunter_2024
L074,2464_ACT,3.383752743,lodging,Hunter_2024
L075,2471-6_ACT,3.873227198,lodging,Hunter_2024
L076,3110_ACT,3.142625947,lodging,Hunter_2024
L077,3114_ACT,2.589043231,lodging,Hunter_2024
L078,IBC_112_ACT,3.951234571,lodging,Hunter_2024
L079,IBC_145_ACT,3.714277308,lodging,Hunter_2024
L080,IBC_187_ACT,3.51523168,lodging,Hunter_2024
L081,IBC_188_ACT,4.21726784,lodging,Hunter_2024
L082,IBC_194_ACT,3.702431915,lodging,Hunter_2024
L083,IBC_289_ACT,3.041625558,lodging,Hunter_2024
L084,IBC_479_ACT,3.17055189,lodging,Hunter_2024
L085,IBC_550_ACT,2.92670606,lodging,Hunter_2024
L086,IBC_586_ACT,3.733547482,lodging,Hunter_2024
L087,IBC_597_ACT,3.130728853,lodging,Hunter_2024
L088,IBC_697_ACT,2.622351348,lodging,Hunter_2024
L089,IBC_839_ACT,2.842510304,lodging,Hunter_2024
L090,IBC_937_ACT,3.468290059,lodging,Hunter_2024
L091,IBC_975_ACT,2.676539653,lodging,Hunter_2024
L092,IBC_978_ACT,3.487900776,lodging,Hunter_2024
L093,IBC_929R_ACT,2.493682318,lodging,Hunter_2024
L094,IBC_929_ACT,3.077740597,lodging,Hunter_2024
L095,IBC_1014-SG_ACT,3.297649848,lodging,Hunter_2024
L096,IBC_1199_ACT,3.751681056,lodging,Hunter_2024
L097,IBC_1235_ACT,2.628228859,lodging,Hunter_2024
L098,IBC_1264-1_ACT,3.33574193,lodging,Hunter_2024
L099,IBC_1267_ACT,3.570929197,lodging,Hunter_2024
L100,IBC_1269_ACT,3.613702147,lodging,Hunter_2024
L001,6933-14_ACT,2.508810907,lodging,Clavet_2025
L002,6935-3_ACT,3.081122946,lodging,Clavet_2025
L003,6991-1_ACT,1.597814943,lodging,Clavet_2025
L004,6996-1_ACT,1.909757408,lodging,Clavet_2025
L005,7005-2_ACT,2.019389131,lodging,Clavet_2025
L006,7024-8_ACT,2.00532383,lodging,Clavet_2025
L007,7043-8_ACT,1.879083662,lodging,Clavet_2025
L008,7049-6_ACT,2.682181785,lodging,Clavet_2025
L009,7060-11_ACT,1.972305131,lodging,Clavet_2025
L010,7060-25_ACT,2.311003727,lodging,Clavet_2025
L011,7094-3_ACT,2.292030018,lodging,Clavet_2025
L012,7105-2_ACT,3.437339034,lodging,Clavet_2025
L013,7148-7_ACT,1.592940136,lodging,Clavet_2025
L014,7208-15_ACT,2.065062006,lodging,Clavet_2025
L015,7250-4_ACT,2.234063041,lodging,Clavet_2025
L016,7276-11_ACT,2.561516812,lodging,Clavet_2025
L017,7278-7_ACT,2.071113765,lodging,Clavet_2025
L018,7301-6_ACT,2.869295609,lodging,Clavet_2025
L019,7333-2-4_ACT,2.528519803,lodging,Clavet_2025
L020,7463-7_ACT,2.365530355,lodging,Clavet_2025
L021,7737-2_ACT,1.672001586,lodging,Clavet_2025
L022,7757-1_ACT,3.38892265,lodging,Clavet_2025
L023,7788-3_ACT,3.493705684,lodging,Clavet_2025
L024,7789-1_ACT,2.902536046,lodging,Clavet_2025
L025,8064-1-5_ACT,3.668504508,lodging,Clavet_2025
L026,8086-1-10-bk_ACT,1.884540683,lodging,Clavet_2025
L027,8579-1-17_ACT,2.533483279,lodging,Clavet_2025
L028,8619-1-10_ACT,3.62596935,lodging,Clavet_2025
L029,8622-1-1-bk_ACT,2.293167895,lodging,Clavet_2025
L030,8666-1-3-bk_ACT,3.029419233,lodging,Clavet_2025
L031,8996-23_ACT,2.703274497,lodging,Clavet_2025
L032,9041-6_ACT,3.540538037,lodging,Clavet_2025
L033,9059-1-2_ACT,3.311993853,lodging,Clavet_2025
L034,9115-5_ACT,3.314531418,lodging,Clavet_2025
L035,9159-3-1_ACT,1.859795656,lodging,Clavet_2025
L036,9184-1_ACT,3.873973638,lodging,Clavet_2025
L037,9225-2-8_ACT,3.530815074,lodging,Clavet_2025
L038,9320-3-MY_ACT,4.069045991,lodging,Clavet_2025
L039,9370-2_ACT,2.32495074,lodging,Clavet_2025
L040,9378-1-3_ACT,2.401613639,lodging,Clavet_2025
L041,9430-3_ACT,1.83243372,lodging,Clavet_2025
L042,9747-1-LG_ACT,2.952872334,lodging,Clavet_2025
L043,9885-1-1_ACT,2.402332107,lodging,Clavet_2025
L044,10121-1_ACT,2.483399601,lodging,Clavet_2025
L045,10121T-3-60_ACT,2.286383937,lodging,Clavet_2025
L046,10137T-1-58_ACT,2.58442767,lodging,Clavet_2025
L047,10222-3-1_ACT,3.231259689,lodging,Clavet_2025
L048,10236-2-SG_ACT,2.3667066,lodging,Clavet_2025
L049,10250-1-3_ACT,2.079850484,lodging,Clavet_2025
L050,11801S-1-54-gr_ACT,1.532689273,lodging,Clavet_2025
L051,12166T-2-57_ACT,2.168723609,lodging,Clavet_2025
L052,12176T-2-50_ACT,3.066822554,lodging,Clavet_2025
L053,12356T-1-60_ACT,3.177708754,lodging,Clavet_2025
L054,12240T-2-49-bk_ACT,2.091674154,lodging,Clavet_2025
L055,IBC_768_ACT,3.412658629,lodging,Clavet_2025
L056,IBC_1006-7_ACT,3.6448092,lodging,Clavet_2025
L057,IBC_1113_ACT,2.220606116,lodging,Clavet_2025
L058,IBC_1266-1_ACT,3.968412797,lodging,Clavet_2025
L059,IBC_1268_ACT,3.706518148,lodging,Clavet_2025
L060,IBC_1273-2_ACT,2.24586076,lodging,Clavet_2025
L061,IBC_1305_ACT,2.378150659,lodging,Clavet_2025
L062,IBC_1307_ACT,2.40853723,lodging,Clavet_2025
L063,IBC_1310_ACT,2.47724913,lodging,Clavet_2025
L064,IBC_1311_ACT,2.973403474,lodging,Clavet_2025
L065,IBC_1314_ACT,1.738028749,lodging,Clavet_2025
L066,IBC_1317_ACT,2.598352492,lodging,Clavet_2025
L067,IBC_1319_ACT,3.563344872,lodging,Clavet_2025
L068,IBC_1320_ACT,1.77281757,lodging,Clavet_2025
L069,IBC_1321_ACT,1.963858575,lodging,Clavet_2025
L070,IBC_1323_ACT,1.899798453,lodging,Clavet_2025
L071,IBC_1324_ACT,3.215626742,lodging,Clavet_2025
L072,IBC_1344_ACT,3.481920039,lodging,Clavet_2025
L073,2462_ACT,3.580327878,lodging,Clavet_2025
L074,2464_ACT,3.888138077,lodging,Clavet_2025
L075,2471-6_ACT,3.650502121,lodging,Clavet_2025
L076,3110_ACT,2.486621012,lodging,Clavet_2025
L077,3114_ACT,1.703461551,lodging,Clavet_2025
L078,IBC_112_ACT,2.958836361,lodging,Clavet_2025
L079,IBC_145_ACT,3.405432946,lodging,Clavet_2025
L080,IBC_187_ACT,3.595519958,lodging,Clavet_2025
L081,IBC_188_ACT,3.397434633,lodging,Clavet_2025
L082,IBC_194_ACT,3.869252042,lodging,Clavet_2025
L083,IBC_289_ACT,2.69297031,lodging,Clavet_2025
L084,IBC_479_ACT,2.104230186,lodging,Clavet_2025
L085,IBC_550_ACT,3.030882325,lodging,Clavet_2025
L086,IBC_586_ACT,3.793093328,lodging,Clavet_2025
L087,IBC_597_ACT,2.595973764,lodging,Clavet_2025
L088,IBC_697_ACT,2.844246092,lodging,Clavet_2025
L089,IBC_839_ACT,2.868897238,lodging,Clavet_2025
L090,IBC_937_ACT,2.984117382,lodging,Clavet_2025
L091,IBC_975_ACT,2.397714778,lodging,Clavet_2025
L092,IBC_978_ACT,3.121748155,lodging,Clavet_2025
L093,IBC_929R_ACT,1.777998048,lodging,Clavet_2025
L094,IBC_929_ACT,2.109847684,lodging,Clavet_2025
L095,IBC_1014-SG_ACT,2.768520218,lodging,Clavet_2025
L096,IBC_1199_ACT,2.824848723,lodging,Clavet_2025
L097,IBC_1235_ACT,1.78590822,lodging,Clavet_2025
L098,IBC_1264-1_ACT,2.558400376,lodging,Clavet_2025
L099,IBC_1267_ACT,2.811823225,lodging,Clavet_2025
L100,IBC_1269_ACT,2.748228278,lodging,Clavet_2025
L001,6933-14_ACT,2.413093047,lodging,Hunter_2025
L002,6935-3_ACT,3.40575347,lodging,Hunter_2025
L003,6991-1_ACT,1.832557674,lodging,Hunter_2025
L004,6996-1_ACT,2.197225598,lodging,Hunter_2025
L005,7005-2_ACT,2.341364397,lodging,Hunter_2025
L006,7024-8_ACT,2.089393419,lodging,Hunter_2025
L007,7043-8_ACT,1.783516108,lodging,Hunter_2025
L008,7049-6_ACT,3.100230149,lodging,Hunter_2025
L009,7060-11_ACT,2.087425499,lodging,Hunter_2025
L010,7060-25_ACT,2.658493711,lodging,Hunter_2025
L011,7094-3_ACT,2.38294432,lodging,Hunter_2025
L012,7105-2_ACT,2.785179081,lodging,Hunter_2025
L013,7148-7_ACT,2.461339671,lodging,Hunter_2025
L014,7208-15_ACT,2.378509036,lodging,Hunter_2025
L015,7250-4_ACT,2.617417746,lodging,Hunter_2025
L016,7276-11_ACT,2.93495094,lodging,Hunter_2025
L017,7278-7_ACT,2.484858825,lodging,Hunter_2025
L018,7301-6_ACT,2.679549232,lodging,Hunter_2025
L019,7333-2-4_ACT,3.038745451,lodging,Hunter_2025
L020,7463-7_ACT,2.875364256,lodging,Hunter_2025
L021,7737-2_ACT,2.574746123,lodging,Hunter_2025
L022,7757-1_ACT,3.576138648,lodging,Hunter_2025
L023,7788-3_ACT,3.734615573,lodging,Hunter_2025
L024,7789-1_ACT,3.311333746,lodging,Hunter_2025
L025,8064-1-5_ACT,4.13854401,lodging,Hunter_2025
L026,8086-1-10-bk_ACT,2.637674191,lodging,Hunter_2025
L027,8579-1-17_ACT,2.875305272,lodging,Hunter_2025
L028,8619-1-10_ACT,3.727883148,lodging,Hunter_2025
L029,8622-1-1-bk_ACT,2.868437096,lodging,Hunter_2025
L030,8666-1-3-bk_ACT,3.040652983,lodging,Hunter_2025
L031,8996-23_ACT,2.615515982,lodging,Hunter_2025
L032,9041-6_ACT,3.665630002,lodging,Hunter_2025
L033,9059-1-2_ACT,3.588117111,lodging,Hunter_2025
L034,9115-5_ACT,3.650094771,lodging,Hunter_2025
L035,9159-3-1_ACT,2.103513089,lodging,Hunter_2025
L036,9184-1_ACT,3.862976656,lodging,Hunter_2025
L037,9225-2-8_ACT,3.410262413,lodging,Hunter_2025
L038,9320-3-MY_ACT,4.059063766,lodging,Hunter_2025
L039,9370-2_ACT,2.746704375,lodging,Hunter_2025
L040,9378-1-3_ACT,2.566356658,lodging,Hunter_2025
L041,9430-3_ACT,2.073533442,lodging,Hunter_2025
L042,9747-1-LG_ACT,2.981010804,lodging,Hunter_2025
L043,9885-1-1_ACT,2.838213353,lodging,Hunter_2025
L044,10121-1_ACT,3.020929384,lodging,Hunter_2025
L045,10121T-3-60_ACT,3.111770382,lodging,Hunter_2025
L046,10137T-1-58_ACT,2.775036264,lodging,Hunter_2025
L047,10222-3-1_ACT,3.645097358,lodging,Hunter_2025
L048,10236-2-SG_ACT,2.926377868,lodging,Hunter_2025
L049,10250-1-3_ACT,2.319315447,lodging,Hunter_2025
L050,11801S-1-54-gr_ACT,2.430795513,lodging,Hunter_2025
L051,12166T-2-57_ACT,2.857677201,lodging,Hunter_2025
L052,12176T-2-50_ACT,3.109206559,lodging,Hunter_2025
L053,12356T-1-60_ACT,3.416223125,lodging,Hunter_2025
L054,12240T-2-49-bk_ACT,2.548108653,lodging,Hunter_2025
L055,IBC_768_ACT,3.615758821,lodging,Hunter_2025
L056,IBC_1006-7_ACT,3.949673392,lodging,Hunter_2025
L057,IBC_1113_ACT,2.860364007,lodging,Hunter_2025
L058,IBC_1266-1_ACT,4.192461202,lodging,Hunter_2025
L059,IBC_1268_ACT,3.687770022,lodging,Hunter_2025
L060,IBC_1273-2_ACT,2.611213869,lodging,Hunter_2025
L061,IBC_1305_ACT,2.421201376,lodging,Hunter_2025
L062,IBC_1307_ACT,2.671898798,lodging,Hunter_2025
L063,IBC_1310_ACT,2.529885005,lodging,Hunter_2025
L064,IBC_1311_ACT,3.297743014,lodging,Hunter_2025
L065,IBC_1314_ACT,2.589876554,lodging,Hunter_2025
L066,IBC_1317_ACT,2.91095981,lodging,Hunter_2025
L067,IBC_1319_ACT,3.37752662,lodging,Hunter_2025
L068,IBC_1320_ACT,2.064389728,lodging,Hunter_2025
L069,IBC_1321_ACT,2.289190635,lodging,Hunter_2025
L070,IBC_1323_ACT,2.220406426,lodging,Hunter_2025
L071,IBC_1324_ACT,3.818371858,lodging,Hunter_2025
L072,IBC_1344_ACT,3.322643986,lodging,Hunter_2025
L073,2462_ACT,3.542544682,lodging,Hunter_2025
L074,2464_ACT,3.906656383,lodging,Hunter_2025
L075,2471-6_ACT,3.739697237,lodging,Hunter_2025
L076,3110_ACT,3.290338377,lodging,Hunter_2025
L077,3114_ACT,2.186282777,lodging,Hunter_2025
L078,IBC_112_ACT,3.633639733,lodging,Hunter_2025
L079,IBC_145_ACT,3.390035231,lodging,Hunter_2025
L080,IBC_187_ACT,2.95239164,lodging,Hunter_2025
L081,IBC_188_ACT,4.054898852,lodging,Hunter_2025
L082,IBC_194_ACT,3.676544322,lodging,Hunter_2025
L083,IBC_289_ACT,3.452337813,lodging,Hunter_2025
L084,IBC_479_ACT,2.079998753,lodging,Hunter_2025
L085,IBC_550_ACT,2.567688295,lodging,Hunter_2025
L086,IBC_586_ACT,3.481013288,lodging,Hunter_2025
L087,IBC_597_ACT,3.002719799,lodging,Hunter_2025
L088,IBC_697_ACT,3.158991221,lodging,Hunter_2025
L089,IBC_839_ACT,2.905829416,lodging,Hunter_2025
L090,IBC_937_ACT,3.401949879,lodging,Hunter_2025
L091,IBC_975_ACT,2.599937749,lodging,Hunter_2025
L092,IBC_978_ACT,3.491439873,lodging,Hunter_2025
L093,IBC_929R_ACT,1.883094537,lodging,Hunter_2025
L094,IBC_929_ACT,2.42470902,lodging,Hunter_2025
L095,IBC_1014-SG_ACT,2.732458348,lodging,Hunter_2025
L096,IBC_1199_ACT,3.143315756,lodging,Hunter_2025
L097,IBC_1235_ACT,1.777369495,lodging,Hunter_2025
L098,IBC_1264-1_ACT,2.855428457,lodging,Hunter_2025
L099,IBC_1267_ACT,3.301595212,lodging,Hunter_2025
L100,IBC_1269_ACT,3.235121413,lodging,Hunter_2025
