"GEN","Y","Y_R","ASTAB","ASTAB_R","ssiASTAB","ASI","ASI_R","ASI_SSI","ASV","ASV_R","ASV_SSI","AVAMGE","AVAMGE_R","AVAMGE_SSI","DA","DA_R","DA_SSI","DZ","DZ_R","DZ_SSI","EV","EV_R","EV_SSI","FA","FA_R","FA_SSI","MASI","MASI_R","MASI_SSI","MASV","MASV_R","MASV_SSI","SIPC","SIPC_R","SIPC_SSI","ZA","ZA_R","ZA_SSI","WAAS","WAAS_R","WAAS_SSI"
"CL1",37.2891776359214,61,0.0539686488948027,12,73,0.098782315977691,31,92,0.299516670471715,31,92,1.20775862907056,10,71,0.83461778447398,13,74,0.0648242079576386,10,71,0.00140072597911172,10,71,0.696586846160255,13,74,0.0987935480889139,23,84,0.328679844088755,14,75,0.324903494860416,10,71,0.0367865661666602,16,77,0.131102547070576,19,80
"CL2",38.203125,35,0.47452022515145,81,116,0.25626198862031,87,122,0.776865829769991,87,122,3.99790056764434,82,117,2.39089906758741,82,117,0.199583403786792,77,112,0.0132778450223739,77,112,5.71639835139035,82,117,0.259594704830038,84,119,0.985719694209612,90,125,1.12416836218913,83,118,0.115977352981406,87,122,0.402295286513785,87,122
"CL3",37.171875,67,0.188943210268464,47,114,0.158085363220837,56,123,0.479380722688955,56,123,2.53323527177805,50,117,1.50192050704248,49,116,0.127778696630696,47,114,0.00544246510421317,47,114,2.25576520947473,49,116,0.167864571758447,53,120,0.545444501896011,47,114,0.6114230331654,46,113,0.0619778760581904,46,113,0.215330985125625,48,115
"Extra",37.515625,55,0.607406061421328,91,146,0.323973410028998,99,154,0.982293044323771,99,154,5.35853273668215,100,155,2.78234070566416,94,149,0.219111513233408,88,143,0.0160032850771446,88,143,7.74141980239572,94,149,0.324862889707232,99,154,1.10263381403407,95,150,1.18016151229077,90,145,0.12916052946345,97,152,0.456172662186618,97,152
"L001",36.1453778446639,85,0.249261394235518,56,141,0.0763793231469321,21,106,0.231527731768948,21,106,2.63603017910147,53,138,1.55870844543748,51,136,0.160746731117925,59,144,0.00861317052169949,59,144,2.42957201787813,51,136,0.124912030461603,41,126,0.546395011531522,48,133,0.739464371786575,58,143,0.063178462353783,47,132,0.206586508311297,45,130
"L002",36.2055925992714,84,0.355437158059292,65,149,0.17395355246541,59,143,0.527498895278718,59,143,3.28159686623237,63,147,1.97654039706515,63,147,0.182802674145962,70,154,0.0111389392249716,70,154,3.90671194123046,63,147,0.200175784199762,65,149,0.698136019698039,58,142,0.863879004971221,65,149,0.0823509735641201,62,146,0.28068075692754,61,145
"L003",39.7125,8,0.357503350752336,67,75,0.250110632266859,83,91,0.758340998672172,83,91,3.17065002900666,59,67,2.13823826310347,72,80,0.167724194182153,63,71,0.00937713510468418,63,71,4.57206286979974,72,80,0.250430819401959,79,87,0.847953926820295,72,80,0.882690652041234,67,75,0.0976741962377101,74,82,0.345952740935387,75,83
"L004",38.5125,29,0.427654306028281,73,102,0.156385708362592,54,83,0.473924787276302,54,83,3.31846863411809,66,95,2.1105321264606,70,99,0.203881996880368,83,112,0.0138559562173088,83,112,4.45434585682229,70,99,0.185612699459736,58,87,0.839952835859635,71,100,1.0150718532771,77,106,0.089578060930554,68,97,0.295199768895198,67,96
"L005",39,18,0.0399761799969337,7,25,0.0113802750903672,2,20,0.0344971240231582,2,20,1.13153136588191,7,25,0.611195396506292,6,24,0.0654614507502414,12,30,0.00142840051144209,12,30,0.373559812710483,6,24,0.0443678727887249,4,22,0.202634509788241,4,22,0.239880267762831,4,22,0.0186558984011243,2,20,0.0589139368667659,2,20
"L006",37.3583333333333,60,0.0214715300258824,3,63,0.0375995159140071,8,68,0.113944669613154,8,68,0.84780250608921,3,63,0.4767939409328,3,63,0.0453060793193782,4,64,0.000684213607764595,4,64,0.227332462110231,3,63,0.04287126306106,3,63,0.193792093375579,3,63,0.228032740463084,3,63,0.0203842948395748,4,64,0.0674485026415252,4,64
"L007",35.9109081993307,88,0.541121111161944,88,176,0.278094162298749,90,178,0.843131997270394,90,178,4.33750304209984,91,179,2.56329855381269,89,177,0.212780418373321,86,174,0.0150918354810419,86,174,6.57049947597825,89,177,0.284092862141319,91,179,1.02194606400903,92,180,1.2339536300359,95,183,0.127025293357365,95,183,0.440905438188818,95,183
"L008",39.3375,16,0.138576037386949,36,52,0.0388390805908634,9,25,0.117702672186343,9,25,2.21846863411805,40,56,1.14714320440915,31,47,0.121057986702609,38,54,0.00488501204816304,38,54,1.31593753142209,31,47,0.0861011370272968,14,30,0.394363771292424,23,39,0.493067022496211,25,41,0.0395065683382538,19,35,0.125981225965759,16,32
"L009",37.275,62,0.30111891810134,59,121,0.199369858881889,67,129,0.604318147606123,67,129,3.19168276568887,60,122,1.89396085029138,60,122,0.159443453154483,58,120,0.00847407158460859,58,120,3.58708770243645,60,122,0.199882464451369,64,126,0.81128494968117,68,130,0.811789100517996,62,124,0.0847507411865826,64,126,0.294426386081794,66,128
"L010",36.35,80,0.212017149151477,51,131,0.0200237477255668,3,83,0.0607066461880254,3,83,2.7684686341181,54,134,1.40553185692792,46,126,0.15092698432951,55,135,0.00759298486626674,55,135,1.97551980083925,46,126,0.101323942255049,25,105,0.463418561954054,37,117,0.528520171354342,31,111,0.0404684939934369,21,101,0.127059028322413,18,98
"L011",39.7896849058261,7,0.103724845472501,23,30,0.112280656958379,38,45,0.340460003869212,38,45,1.90218841676369,32,39,1.10258223118533,26,33,0.0954640010968724,24,31,0.00303779183514122,24,31,1.21568757652562,26,33,0.119896786853938,36,43,0.409114590537356,26,33,0.532529694990107,32,39,0.053064428602372,34,41,0.182881027969871,34,41
"L012",36.6427512305429,75,0.00919501587595022,1,76,0.0111597121381109,1,76,0.0338404749365757,1,76,0.560526443710327,1,76,0.296364082935307,1,76,0.0311560485936992,1,76,0.000323566454657648,1,76,0.0878316696540858,1,76,0.0229915865132912,1,76,0.0987586309540949,1,76,0.121534112540539,1,76,0.0100601837998113,1,76,0.0326263942850327,1,76
"L013",38.6875,23,0.167243005443545,43,66,0.136760456287495,49,72,0.414482055766293,49,72,2.53113583942257,49,72,1.38709204704045,45,68,0.120913062965901,37,60,0.00487332293193201,37,60,1.92402434696288,45,68,0.138692521420142,44,67,0.603466880713749,52,75,0.611177055528207,45,68,0.0603365470358511,45,68,0.205969927918794,44,67
"L014",36.3188214067662,81,0.0335503707889244,6,87,0.0729965844950736,20,101,0.221314279166972,20,101,1.016707157461,6,87,0.646592713115359,7,88,0.0521407476081137,5,86,0.000906219187044339,5,86,0.418082136653881,7,88,0.073461199781524,9,90,0.260369596762446,8,89,0.290443053854353,8,89,0.0309535636724051,8,89,0.108465441433527,9,90
"L015",38.3125,33,0.78782235458332,99,132,0.279361905696662,91,124,0.846742183772853,91,124,5.11668276568888,98,131,2.97756357529708,98,131,0.266373198695141,99,132,0.0236515603276937,99,132,8.86588484493594,98,131,0.294176800175665,92,125,1.23802028463198,101,134,1.47105010645793,101,134,0.141556751488948,101,134,0.480348127918591,100,133
"L016",37.475,57,0.273189317028512,58,115,0.162641547072383,57,114,0.492855431231144,57,114,2.81886416057746,58,115,1.74928877387907,57,114,0.156525010965713,57,114,0.0081666930192722,57,114,3.06001121441934,57,114,0.167074203592172,52,109,0.768140124905598,64,121,0.696435377925559,54,111,0.0640737256982672,48,105,0.213302265040448,47,104
"L017",38.525,27,0.0715388963882203,16,43,0.0881333742965707,25,52,0.267071491118019,25,52,1.68113583942255,19,46,0.904424244110547,16,43,0.0791087476365642,16,43,0.0020860646508752,16,43,0.817983213334934,16,43,0.0882218055565483,18,45,0.405906201905677,25,52,0.296347650803603,9,36,0.0287383061285061,7,34,0.0970735982782738,7,34
"L018",37.5613336291096,53,0.179409864729883,45,98,0.141628345873537,51,104,0.42939023829723,51,104,2.34548586333068,44,97,1.43757541495556,47,100,0.126290399922696,46,99,0.00531642170421146,46,99,2.06662307368466,47,100,0.150829103467845,46,99,0.557503935798465,49,102,0.732421279849453,56,109,0.0721044035597179,53,106,0.247098730235013,53,106
"L019",35.2689594535113,100,0.0773513785490286,18,118,0.088443350274451,26,126,0.268155058282994,26,126,1.61643106397076,17,117,0.935199655538785,18,118,0.0838340641208454,19,119,0.00234271676900601,19,119,0.874598395719862,18,118,0.0965329393106084,22,122,0.353349827898375,16,116,0.476891444814891,23,123,0.046353038555111,27,127,0.158337793144358,27,127
"L020",35.425,97,0.931648851231296,102,199,0.317208000156095,97,194,0.96124495960544,97,194,5.68113583942256,101,198,3.2622390559951,102,199,0.285699075606393,101,198,0.0272079872674491,101,198,10.6422036584598,102,199,0.318190532600212,97,194,1.46016180585269,102,199,1.1492925166269,86,183,0.111182809137904,81,178,0.375687098737048,80,177
"L021",35.7964776571863,90,0.364787899436312,69,159,0.252868151862987,86,176,0.766710392809765,86,176,3.26139465662078,62,152,2.16049665475299,73,163,0.169446092518977,64,154,0.00957065942331657,64,154,4.66774579519888,73,163,0.253543133445415,81,171,0.852337968811971,74,164,0.909074937773528,69,159,0.0998147584060558,76,166,0.352905060375481,76,166
"L022",37.675,50,0.319710445578644,62,112,0.209255653466925,71,121,0.634494068810788,71,121,3.29565002900667,65,115,1.96103958741361,62,112,0.165055258674407,61,111,0.00908107947202513,61,111,3.84567626340334,62,112,0.218406979432864,69,119,0.743491646489921,62,112,0.945158637562122,71,121,0.0959687522360595,73,123,0.332382851193902,72,122
"L023",38.3926984440772,31,0.103601283695781,22,53,0.131115954825833,46,77,0.397564835507527,46,77,1.83104691716103,26,57,1.14300519081512,28,59,0.0913063506461173,22,53,0.00277894988943724,22,53,1.30646086623032,28,59,0.133114987406424,43,74,0.440690897275229,33,64,0.514707898885818,27,58,0.0545651347562535,36,67,0.191277468344561,38,69
"L024",37.9375,43,3.09466352940402,104,147,0.626022978894325,104,147,1.8974479777457,104,147,10.1333172343111,104,147,6.04360850856089,104,147,0.513155407023016,104,147,0.0877761572523192,104,147,36.5252038047496,104,147,0.626771684693683,104,147,2.62278069275304,104,147,2.4845507441106,104,147,0.258876863748294,104,147,0.898058572826426,104,147
"L025",38.3639583033238,32,0.371517369338374,70,102,0.205890806684798,70,102,0.624330114010021,70,102,3.37356663565427,67,99,2.07349900265795,67,99,0.182077401622704,69,101,0.0110507267272252,69,101,4.29939811402352,67,99,0.223315403918204,70,102,0.753746533660489,63,95,0.96534686366157,74,106,0.0954094054107465,70,102,0.328350265318612,71,103
"L026",35.6453947368421,95,0.125684914287228,32,127,0.119579984990692,43,138,0.362480451091274,43,138,2.26271478679097,42,137,1.20489654803828,35,130,0.105071934295517,29,124,0.0036800371255338,29,124,1.45177569147457,35,130,0.124026445081777,39,134,0.496886740039891,41,136,0.596473516218666,40,135,0.0589198426682528,42,137,0.201700743702163,42,137
"L027",35.388705918053,99,0.0826724701710754,20,119,0.114085228334351,39,138,0.34588205241327,39,138,1.62631216721051,18,117,1.01381339821241,20,119,0.0819106018736303,18,117,0.00223644889976679,18,117,1.02781760639499,20,119,0.114643021221814,30,129,0.411155468915146,27,126,0.451372021723961,20,119,0.0482140516731131,29,128,0.169003279716619,32,131
"L028",35.7605768128522,91,0.304853788227273,60,151,0.118722867565744,42,133,0.35998698464616,42,133,2.80563224272489,56,147,1.76406171180411,58,149,0.174737008356056,68,159,0.0101776740297415,68,159,3.11191372305324,58,149,0.157745386693268,49,140,0.615745394249088,53,144,0.848811050432834,63,154,0.0766727843636118,59,150,0.256172494270638,56,147
"L029",35.0598716129079,101,0.472957829767458,79,180,0.238226166014707,77,178,0.722208308250001,77,178,4.14164938779098,86,187,2.35035095181855,79,180,0.203109246129711,81,182,0.0137511219544599,81,182,5.52414959671438,79,180,0.248246235820485,78,179,0.941514664538326,82,183,1.18063201199639,91,192,0.117578637946079,89,190,0.403963414053385,88,189
"L030",35.7440530273927,92,0.0790462429520606,19,111,0.0835567644168123,23,115,0.253268725322256,23,115,1.70492372985167,20,112,0.934208571692267,17,109,0.0853242099205014,20,112,0.00242674026618593,20,112,0.872745655423305,17,109,0.0906654826485402,20,112,0.377967568106304,20,112,0.475046062350348,22,114,0.0450508807347767,24,116,0.15227891195508,26,118
"L031",37.7074606885704,48,0.150763192228766,39,87,0.0718557054183874,19,67,0.217888209861555,19,67,1.88813550871154,31,79,1.22588228204807,36,84,0.124120253071194,44,92,0.00513527907415245,44,92,1.50278736943939,36,84,0.105003487235673,26,74,0.418745220351535,29,77,0.557509151935919,37,85,0.0491583459005296,30,78,0.163028964965294,29,77
"L032",36.009920774678,87,0.130987371714333,34,121,0.157345090388935,55,142,0.477111883180679,55,142,2.05733984553264,35,122,1.30873087460103,40,127,0.100370115154259,26,113,0.00335805333869304,26,113,1.71277650213397,40,127,0.157811502985136,50,137,0.502280102248312,43,130,0.517881809748001,28,115,0.0578519567244357,41,128,0.205774594094702,43,130
"L033",36.8921814063133,73,0.124165753758683,31,104,0.0491405887143249,11,84,0.148954302326534,11,84,1.84242305580257,27,100,1.09563577645978,25,98,0.113818145359569,35,108,0.00431819007103064,35,108,1.20041775465862,25,98,0.0861586486512041,15,88,0.381387169375522,22,95,0.509715723004435,26,99,0.0429869524420829,22,95,0.139890454814632,22,95
"L034",39.3791666666667,15,0.117130388181158,27,42,0.105793387257094,37,52,0.320763608518337,37,52,1.81486469921526,25,40,1.14514048600087,29,44,0.103715837630411,28,43,0.00358565832512593,28,43,1.31134673267832,29,44,0.116964302951926,33,48,0.428328036917991,31,46,0.58302195520144,39,54,0.0563009880850684,40,55,0.191976600086477,39,54
"L035",36.2436921170524,82,0.0183275705198149,2,84,0.0362481549736272,7,89,0.109851234715027,7,89,0.806367371212997,2,84,0.442925607305754,2,84,0.0416303412053768,2,84,0.000577695102958697,2,84,0.196183093607171,2,84,0.040471784036659,2,84,0.181751439430392,2,84,0.212986196003194,2,84,0.0192897351616954,3,85,0.0641134205087323,3,85
"L036",36.4094793945339,78,0.0427465399657611,8,86,0.0886570144011262,27,105,0.268843143421916,27,105,1.36604968518216,15,93,0.744763874586956,9,87,0.0577569948989255,7,85,0.00111195681991817,7,85,0.554673228889775,9,87,0.0897835263139934,19,97,0.278387325370309,10,88,0.286615612395386,7,85,0.031362884758479,9,87,0.111181173027683,10,88
"L037",34.9756450682424,103,0.0970052442575733,21,124,0.117643548212381,41,144,0.35667457007586,41,144,1.80305983450849,24,127,1.08508100170844,24,127,0.0901156033860999,21,124,0.00270694065788028,21,124,1.17740078026859,24,127,0.120226821623812,37,140,0.432376812233335,32,135,0.522827706877293,29,132,0.0537938219570138,35,138,0.186694685025264,36,139
"L038",36.9929546228329,72,0.104821282236978,25,97,0.0903204233216423,28,100,0.273888606009871,28,100,1.73214877198622,21,93,1.06617011602357,22,94,0.0998919058878409,25,97,0.00332613095396842,25,97,1.1367187163017,22,94,0.10594791192794,27,99,0.374763398798981,19,91,0.468912457043822,21,93,0.0442636005473256,23,95,0.150382859420301,24,96
"L039",38.4,30,0.123191986567585,30,60,0.102627025148326,34,64,0.311013913219546,34,64,2.21886416057745,41,71,1.16295156932429,33,63,0.106467484710048,31,61,0.0037784417668281,31,61,1.35245635259382,33,63,0.109571923917485,29,59,0.491253496573195,40,70,0.544486879914183,34,64,0.0504007938728049,32,62,0.168632559806376,31,61
"L040",37.175,66,0.343885755439769,64,130,0.213306456210081,73,139,0.646558728976241,73,139,3.39168276568887,68,134,2.02449435468771,64,130,0.170311035873291,66,132,0.00966861631341119,66,132,4.0985773921624,64,130,0.213611928444925,67,133,0.868966952903779,76,142,0.850911190230766,64,130,0.0893567861409511,67,133,0.310888550209821,68,134
"L041",37.9541666666667,41,0.489809992186232,83,124,0.295189598300743,93,134,0.895047783812848,93,134,4.91269940334885,96,137,2.50874024717406,87,128,0.195955475323961,76,117,0.0127995161031466,76,117,6.29377762779096,87,128,0.296185626256032,93,134,0.982397284730027,89,130,1.05328726077223,79,120,0.115665335358518,86,127,0.409108438499105,89,130
"L042",37.3780159253287,59,0.137185226671726,35,94,0.0459166843908084,10,69,0.139141730846633,10,69,1.87075401777182,30,89,1.14668762402364,30,89,0.119955133483503,36,95,0.00479641134968165,36,95,1.31489250708899,30,89,0.0875086410833912,17,76,0.403115136560173,24,83,0.487508819762999,24,83,0.0386633061416572,18,77,0.122615950127165,14,73
"L043",37.1294659599073,69,0.130941006896363,33,102,0.14932409411937,52,121,0.45279755690261,52,121,2.18610342368876,39,108,1.28960556909166,38,107,0.102391839940893,27,96,0.0034946962954938,27,96,1.66308252383223,38,107,0.152145104581507,47,116,0.48594245016641,39,108,0.555020295005861,36,105,0.0590651450247782,43,112,0.207542852804369,46,115
"L044",36.3864513589212,79,0.0457987138676606,10,89,0.082212156622023,22,101,0.24923952165891,22,101,1.3353304037376,14,93,0.748494639867845,10,89,0.0615062426636201,9,88,0.00126100596219871,9,88,0.560244225910895,10,89,0.0829417705740482,13,92,0.306099855107396,12,91,0.344637806546677,13,92,0.0361189993320172,13,92,0.125894995771558,15,94
"L045",40.4875,2,0.817289725415539,100,102,0.374299936814234,102,104,1.13503105636692,102,104,5.25396726331778,99,101,3.22500929916923,101,103,0.255832949858405,97,99,0.0218168327444177,97,99,10.400684979728,101,103,0.382741730544069,102,104,1.19547787065137,99,101,1.25431553803576,96,98,0.134368057098845,98,100,0.473896464431825,99,101
"L046",37.548326980195,54,0.142720638658742,37,91,0.154017924894188,53,107,0.466986682964996,53,107,2.11947256550152,37,91,1.34169874049271,41,95,0.106958364837244,32,86,0.00381336393621897,32,86,1.80015551023971,41,95,0.15534674725287,48,102,0.528491791764957,45,99,0.600080059429917,43,97,0.0641616224799349,49,103,0.225243330643754,50,104
"L047",39.7046052631579,9,0.505636133378757,85,94,0.319625643020866,98,107,0.969232703731576,98,107,4.52238831594937,93,102,2.59726053480371,91,100,0.194882487841421,74,83,0.0126597280224205,74,83,6.74576228564887,91,100,0.320095012470861,98,107,0.97766289763772,87,96,0.868524694543293,66,75,0.101110049849944,78,87,0.364166973930785,79,88
"L048",38.0032857900184,38,0.219352664662907,53,91,0.202853340437575,68,106,0.615088743104825,68,106,2.50917589675588,48,86,1.69162754170296,55,93,0.129927813689874,50,88,0.00562707892341023,50,88,2.86160373984799,55,93,0.202865090705946,66,104,0.657947689744895,56,94,0.63547803626016,47,85,0.072842412860206,54,92,0.260578282565594,57,95
"L049",36.6125,76,0.44571793628806,76,152,0.299734212807907,95,171,0.908903222772836,95,171,4.7460327366822,95,171,2.43755737457201,83,159,0.18296023502368,71,147,0.0111581491999734,71,147,5.94168595433037,83,159,0.29974083748839,94,170,0.923739434826701,81,157,0.804906737131694,61,137,0.0954658074669092,71,147,0.345068951487553,74,150
"L050",38.75,22,0.741291805311439,96,118,0.24694352554503,82,104,0.748318181562135,82,104,4.31886416057743,90,112,2.84412984201183,96,118,0.261723427975245,98,120,0.0228330509170378,98,120,8.08907455822226,96,118,0.263866657454841,85,107,1.21276615084819,100,122,1.22387751551471,92,114,0.10945148248715,79,101,0.36134089879798,78,100
"L051",36.9969100121267,71,0.0530974335313046,11,82,0.0531304237474889,13,84,0.161107131004678,13,84,1.13296584417578,8,79,0.741244036168326,8,79,0.0725401879381218,13,84,0.00175402628869934,13,84,0.549442721155111,8,79,0.0681548548220628,7,78,0.258087353790409,7,78,0.348964437812575,14,85,0.0318605230581802,10,81,0.106909541536927,8,79
"L052",36.573494697883,77,0.213051646084265,52,129,0.197526873247778,66,143,0.598962684066434,66,143,2.80998847178583,57,134,1.6616049328624,54,131,0.12888525280584,48,125,0.00553713613027506,48,125,2.76093095291265,54,131,0.199329396814849,63,140,0.630661586732458,54,131,0.681919573072173,52,129,0.0744562001411108,56,133,0.263407590084733,58,135
"L053",38.2229137072963,34,0.116507074267302,26,60,0.0318550007359711,5,39,0.0965629216829052,5,39,1.76012346330319,22,56,1.04949185883235,21,55,0.111255123207473,33,67,0.00412590081330333,33,67,1.10143316175539,21,55,0.0785008583636188,11,45,0.353463802646126,17,51,0.448781880991251,19,53,0.0363662060931211,15,49,0.116674608092738,13,47
"L054",34.6993347911875,104,0.10397306452098,24,128,0.121770116429661,44,148,0.369179395301195,44,148,1.85568038861826,28,132,1.12327871711068,27,131,0.093252674014489,23,127,0.00289868707028419,23,127,1.26175507631382,27,131,0.124158930554417,40,144,0.450649676034789,35,139,0.539003900253708,33,137,0.0555407728972292,38,142,0.192793030395544,40,144
"L055",39.86288134902,5,0.206307088697325,50,55,0.179190716957299,62,67,0.543263887955681,62,67,2.77038955665761,55,60,1.59918249301595,53,58,0.129602194026435,49,54,0.00559890956548859,49,54,2.55738464596871,53,58,0.180177361386604,57,62,0.649671483888773,55,60,0.716751649810113,55,60,0.0762892633001458,58,63,0.267134382052497,59,64
"L056",40.0125,4,0.656288754244246,94,98,0.297478592705968,94,98,0.901951602345654,94,98,4.28331723431114,88,92,2.80437889816371,95,99,0.236606857440855,93,97,0.0186609349960123,93,97,7.86454100446591,95,99,0.309062018800805,95,99,1.08565425474441,94,98,1.37729028806317,98,102,0.139619750305387,100,104,0.482916911275452,101,105
"L057",35.7150852043925,93,0.473948656305116,80,173,0.27954513592706,92,185,0.847621082844645,92,185,3.92417956220841,80,173,2.4426398339061,84,177,0.195458537248694,75,168,0.0127346799277997,75,168,5.96648935818481,84,177,0.28381517573783,90,183,0.943925743061591,83,176,1.10509754606051,82,175,0.117007790310562,88,181,0.409980386515762,91,184
"L058",37.05,70,0.144876891180998,38,108,0.0578472490932191,16,86,0.175312830421449,16,86,2.02678586842922,34,104,1.18783840868257,34,104,0.122471414024173,42,112,0.00499974908436012,42,112,1.41096008514155,34,104,0.0939288997090988,21,91,0.42581170797178,30,100,0.551865049281718,35,105,0.0461560374203994,26,96,0.149513957052519,23,93
"L059",38.6125,25,0.356105710448895,66,91,0.217335690329509,75,100,0.658784261021719,75,100,3.48331723431115,72,97,2.06080473535451,66,91,0.173344075139605,67,92,0.0100160561286684,67,92,4.24691615725958,66,91,0.218147648476058,68,93,0.879315991067494,79,104,0.898698803479566,68,93,0.093537677523445,69,94,0.324749928018041,70,95
"L060",38.5208570449638,28,0.159793584624221,41,69,0.0962063202303228,30,58,0.291731481830989,30,58,1.97946091653757,33,61,1.29184285256454,39,67,0.125373324545246,45,73,0.00523949016917582,45,73,1.66885795572208,39,67,0.120864055330373,38,66,0.449629576530496,34,62,0.596690776823307,41,69,0.0548368700523215,37,65,0.184499204775512,35,63
"L061",38.7875,21,0.336374760447101,63,84,0.243415902319979,79,100,0.738138447359647,79,100,3.40218139488858,69,90,2.07669156584153,68,89,0.163356830980666,60,81,0.00889515140934866,60,81,4.31264785963734,68,89,0.248098576819502,77,98,0.770592541971702,65,86,0.765348627696402,60,81,0.0829768615641475,63,84,0.293768486506611,65,86
"L062",39.8625,6,0.270168621909234,57,63,0.233116959550828,76,82,0.706903167758236,76,82,3.4539672633178,71,77,1.89722639490112,61,67,0.142584035322841,53,59,0.00677673570964838,53,59,3.5994679935095,61,67,0.233549863976556,74,80,0.714266938201769,60,66,0.64520079384916,48,54,0.0746903141105453,57,63,0.268615439193062,60,66
"L063",38.9877546092454,19,0.450910101179501,77,96,0.204282474281178,69,88,0.619293708786514,69,88,3.76988259755895,76,95,2.24027635925585,75,94,0.203523722502104,82,101,0.0138073018737045,82,101,5.01883816584067,75,94,0.223522408318932,71,90,0.873421200664183,78,97,1.15960270273282,88,107,0.111254586199856,82,101,0.377995691928898,81,100
"L064",37.7864496741324,45,0.121555666359526,29,74,0.104851729934487,35,80,0.317951674012574,35,80,1.85816856678817,29,74,1.16146465828522,32,77,0.106402409317317,30,75,0.00377382423617664,30,75,1.34900015244561,32,77,0.119083898117368,35,80,0.412627637063902,28,73,0.523489499993777,30,75,0.0502753448827002,31,76,0.171658563123519,33,78
"L065",38.95,20,0.0576588286084352,14,34,0.0523920373076879,12,32,0.15883839020047,12,32,1.17718139488859,9,29,0.76812272036914,12,32,0.0758123564188861,14,34,0.00191583779526141,14,34,0.590012513547288,12,32,0.0681934150211327,8,28,0.276517785994141,9,29,0.386556169357692,15,35,0.0349138899003725,11,31,0.116463055002239,12,32
"L066",37.6,52,1.37979693891462,103,155,0.437810340402092,103,155,1.32712450691347,103,155,6.54168276568888,103,155,4.0780419134956,103,155,0.339291440641307,103,155,0.0383728938974846,103,155,16.6304258482269,103,155,0.437927263893863,103,155,1.73399449669128,103,155,1.67545384792499,103,155,0.179485851752104,103,155,0.628170355702878,103,155
"L067",35.6325464938483,96,0.562172296590778,89,185,0.266512659674308,88,184,0.808134153776871,88,184,4.28925698329671,89,185,2.57746983562191,90,186,0.221308591914814,89,185,0.0163258309517725,89,185,6.64335075354085,90,186,0.283123312356429,89,185,0.955371181121713,85,181,1.22838090222958,93,189,0.12311390803278,93,189,0.42511829354371,93,189
"L068",37.49275458488,56,0.442049987189491,75,131,0.209315827359569,72,128,0.634591904175156,72,128,3.61011749990254,74,130,2.23142773315331,74,130,0.20052124775086,78,134,0.013402923599854,78,134,4.97926972828573,74,130,0.227534708101067,72,128,0.860032347494162,75,131,1.1497360624482,87,143,0.111376820042763,83,139,0.379767176823933,82,138
"L069",37.9625,39.5,0.437266137403089,74,113.5,0.251095964395436,84,123.5,0.761212704107784,84,123.5,3.81668276568887,77,116.5,2.30619368881883,78,117.5,0.190509264947398,73,112.5,0.0120979266769327,73,112.5,5.31852933034781,78,117.5,0.253035633569974,80,119.5,0.952575566179988,84,123.5,1.05496933441521,80,119.5,0.110374596499429,80,119.5,0.384370473878666,83,122.5
"L070",40.1875,3,0.674850959044992,95,98,0.36523926658003,101,104,1.10752098001152,101,104,5.8460327366822,102,105,2.99041867950123,99,102,0.225901779649358,91,94,0.0170105380162491,91,94,8.9426038787099,99,102,0.365247160889386,101,104,1.14156022933756,97,100,1.03772246365166,78,81,0.121641281642362,91,94,0.438111877603485,94,97
"L071",37.9625,39.5,0.311186349178296,61,100.5,0.172113854294203,58,97.5,0.52155774236709,58,97.5,3.53113583942256,73,112.5,1.86426815615275,59,98.5,0.167328763708822,62,101.5,0.00933297172144093,62,101.5,3.47549575804517,59,98.5,0.177418970245541,55,94.5,0.816781683808574,69,108.5,0.735058862180865,57,96.5,0.0668991368390669,51,90.5,0.221845299284322,49,88.5
"L072",37.6957456910337,49,0.0673763444162852,15,64,0.0654164726219728,17,66,0.198308926569892,17,66,1.30184692471238,13,62,0.843073800815761,15,64,0.0807568389250528,17,66,0.00217388901105564,17,66,0.710773433621934,15,64,0.0780301014003734,10,59,0.317012340372016,13,62,0.435440431696393,17,66,0.0401587420499612,20,69,0.13475803955587,21,70
"L073",35.8874188020327,89,0.564185111440746,90,179,0.130201241377785,45,134,0.394823154009962,45,134,3.68185615775092,75,164,2.36142824658352,80,169,0.240953824721713,94,183,0.0193529152160073,94,183,5.57634336376251,80,169,0.199072967984896,62,151,0.799024065553016,67,156,1.00718008421878,76,165,0.0875317671622252,66,155,0.289139447804152,63,152
"L074",36.6815758630027,74,0.764223529427105,98,172,0.176582878607875,61,135,0.535288308484535,61,135,4.01402966888317,83,157,2.7775316848237,93,167,0.277357942305946,100,174,0.0256424760533961,100,174,7.71468226019956,93,167,0.238534618137762,75,149,1.0090583438581,91,165,1.39185119656097,100,174,0.123622834986575,94,168,0.409678622012083,90,164
"L075",37.6294092416484,51,0.850971713884114,101,152,0.213721983987412,74,125,0.647878097537322,74,125,4.43650112717122,92,143,2.96806455361412,97,148,0.289434425470358,102,153,0.0279240955491187,102,153,8.80940719442057,97,148,0.26618995613997,86,137,1.10331031538806,96,147,1.51918345743914,102,153,0.137923725450267,99,150,0.460399274455837,98,149
"L076",37.9413677225298,42,0.49990610549687,84,126,0.276859778913132,89,131,0.839429218801261,89,131,3.99444594982898,81,123,2.4850910512008,86,128,0.202687073302137,80,122,0.0136940165612619,80,122,6.17567753275829,86,128,0.281670226541187,88,130,0.979175958370957,88,130,1.16748751730991,89,131,0.121864583568051,92,134,0.424904799406368,92,134
"L077",38.1763121343746,36,0.175354922080453,44,80,0.105028184027398,36,72,0.31848744159178,36,72,2.10128127418041,36,72,1.35978093998649,42,78,0.130819598888728,51,87,0.0057045891511359,51,87,1.84900420475053,42,78,0.129421035066991,42,78,0.473245804889414,38,74,0.607590995155245,44,80,0.0561744374773262,39,75,0.189504889886397,37,73
"L078",35.4202283786299,98,0.0321465532835673,5,103,0.0350196330984507,6,104,0.106162624239234,6,104,0.950617851362366,5,103,0.568183494835727,5,103,0.0570341200756314,6,104,0.00108429695093385,6,104,0.322832483803741,5,103,0.048512709327747,5,103,0.203679670974316,5,103,0.282404783857502,6,104,0.0250194800299479,5,103,0.0828769990156469,5,103
"L079",39.5488046319192,11,0.200008044653047,49,60,0.0533831098216739,14,25,0.161879129043444,14,25,2.36368716179476,45,56,1.38323341379536,44,55,0.145232596201134,54,65,0.00703083566644055,54,65,1.91333467703997,44,55,0.107764474811271,28,39,0.461006092165795,36,47,0.561515646373163,38,49,0.0465136970675256,28,39,0.150935261940043,25,36
"L080",39.3894966442627,14,0.156648890933296,40,54,0.100964897045743,33,47,0.306028073931246,33,47,2.17685073762824,38,52,1.28718866569234,37,51,0.122741168984428,43,57,0.00502179818788798,43,57,1.65685466108682,37,51,0.117819989356396,34,48,0.502167102731027,42,56,0.658082555725701,50,64,0.0602836625966555,44,58,0.201561657066114,41,55
"L081",35.0147128617089,102,0.232565911699299,55,157,0.196979170534298,65,167,0.597226622948995,65,167,2.62492424757542,52,154,1.7134269451781,56,158,0.136274029249209,52,154,0.00619020368260476,52,154,2.93583189646237,56,158,0.197626145683647,61,163,0.685659162229439,57,159,0.741167862028927,59,161,0.0803957560233231,61,163,0.283146796679539,62,164
"L082",39.0288488708112,17,0.360704089857363,68,85,0.246306430643729,81,98,0.746789869618068,81,98,3.43425964382232,70,87,2.13620721461587,71,88,0.169530076974212,65,82,0.00958014899962747,65,82,4.56338126377688,71,88,0.247152119895797,76,93,0.852216773512919,73,90,0.922814691942362,70,87,0.100190229720873,77,94,0.352995246527991,77,94
"L083",37.4609468932909,58,0.0547615612392108,13,71,0.100180111287596,32,90,0.303761250209449,32,90,1.23982030984563,12,70,0.842379732161949,14,72,0.0651866499590884,11,69,0.00141643311096291,11,69,0.709603613157237,14,72,0.100322235521972,24,82,0.328715897876736,15,73,0.338566523743916,11,69,0.0378211097244004,17,75,0.134396866725889,20,78
"L084",37.7625,46,0.6280875190549,93,139,0.189152006768118,63,109,0.573385334019393,63,109,4.27065002900667,87,133,2.55794062826172,88,134,0.247884896143892,95,141,0.0204823072454227,95,141,6.54306025771196,88,134,0.231270435989891,73,119,0.960581886154551,86,132,1.31381988134017,97,143,0.119749703413254,90,136,0.40016548011712,86,132
"L085",37.7378771100106,47,0.0755889246741364,17,64,0.115772548691506,40,87,0.351047662778709,40,87,1.55245882327526,16,63,0.985175840933434,19,66,0.0771383376923706,15,62,0.00198344104731407,15,62,0.970571437558899,19,66,0.116806973857596,32,79,0.378794127794356,21,68,0.421727283086301,16,63,0.045659809205902,25,72,0.161031157172412,28,75
"L086",38.5449777148868,26,0.749204683633099,97,123,0.338867518422677,100,126,1.02753563042537,100,126,4.93560545878036,97,123,3.04282622491712,100,126,0.248978140760077,96,122,0.0206633715254482,96,122,9.25879143504335,100,126,0.349537407173891,100,126,1.14545802227662,98,124,1.39041089302433,99,125,0.144196553255065,102,128,0.502835228886286,102,128
"L087",39.6437681963932,10,0.0230967774721733,4,14,0.0552348723956795,15,25,0.167437955019444,15,25,0.893936946150193,4,14,0.524665237026366,4,14,0.0442542403568638,3,13,0.000652812596521025,3,13,0.275273610943933,4,14,0.05600514791591,6,16,0.218720845312819,6,16,0.246708326515022,5,15,0.0252361812586053,6,16,0.0872793993863515,6,16
"L088",37.1865558353879,65,0.451543682160443,78,143,0.0910756753342124,29,94,0.276020062765105,29,94,3.28530802433044,64,129,2.08691454625944,69,134,0.217128290623909,87,152,0.0157148981964202,87,152,4.35521232338926,69,134,0.162056046920578,51,116,0.73507844152775,61,126,0.952058113787408,72,137,0.0788164738409735,60,125,0.254447093417929,54,119
"L089",37.2246687600626,63,0.0449550716107026,9,72,0.0855304811844288,24,87,0.259337101235181,24,87,1.22784387476337,11,74,0.750968120690301,11,74,0.060298734469615,8,71,0.00121197912621238,8,71,0.563953118293123,11,74,0.0868237813528212,16,79,0.291760570430565,11,74,0.342702513984586,12,75,0.0362028420125761,14,77,0.126737293757635,17,80
"L090",41.7125,1,0.413586455228509,72,73,0.245268145934501,80,81,0.74374906870676,80,81,3.85218139488859,79,80,2.24659106828045,76,77,0.186658786942859,72,73,0.0116138342476599,72,73,5.04717142807751,76,77,0.256400899911178,82,83,0.82489119339948,70,71,0.962773989633306,73,74,0.0990146290876687,75,76,0.345040939454154,73,74
"L091",37.1347513657335,68,0.512060894320778,86,154,0.252304547159216,85,153,0.76507207212656,85,153,4.03503819961609,84,152,2.45579525592748,85,153,0.211764124350417,85,153,0.0149480147872997,85,153,6.03093033903589,85,153,0.269680077710485,87,155,0.898558226471206,80,148,1.13378607847084,85,153,0.113421133848723,85,153,0.391737701661361,85,153
"L092",35.7060492030573,94,0.165533496426524,42,136,0.136556780743394,48,142,0.414064535208831,48,142,2.34225156487883,43,137,1.38219152926445,43,137,0.121551788406451,39,133,0.00492494575493557,39,133,1.91045342357041,43,137,0.147489612923631,45,139,0.512549972475437,44,138,0.679114710296775,51,145,0.0669611308304134,52,146,0.22998928419366,51,145
"L093",37.2,64,0.48695366263809,82,146,0.239956553880248,78,142,0.727620423084084,78,142,4.12281860511142,85,149,2.38234206360913,81,145,0.207608095333313,84,148,0.0143670404159753,84,148,5.6755537080414,81,145,0.258280346186214,83,147,0.872592749374357,77,141,1.12467176781743,84,148,0.111673099718873,84,148,0.384711396601684,84,148
"L094",36.1320478200569,86,0.222013913293571,54,140,0.0696510719572749,18,104,0.211065387162672,18,104,2.46269022831551,47,133,1.46851041789199,48,134,0.15171992139645,56,142,0.00767297818284835,56,142,2.15652284745731,48,134,0.114970703718802,31,117,0.529131478461568,46,132,0.647139621602297,49,135,0.0524513921798233,33,119,0.167696520470744,30,116
"L095",36.2069436508065,83,0.183775709127444,46,129,0.174164833065616,60,143,0.528087105166213,60,143,2.44046266938027,46,129,1.52120123464063,50,133,0.121640665176868,40,123,0.00493215047489029,40,123,2.31405319627217,50,133,0.176526504533198,54,137,0.591007743471039,50,133,0.688205559646289,53,136,0.0730008372912406,55,138,0.255856934043239,55,138
"L096",39.4,13,0.193610458516959,48,61,0.192034419596288,64,77,0.582323670503397,64,77,2.60396726331781,51,64,1.59308276664426,52,65,0.122070099962254,41,54,0.00496703643493157,41,54,2.53791270137893,52,65,0.193600103453179,59,72,0.59760024827329,51,64,0.596754352412075,42,55,0.0663208146915656,50,63,0.236038768184269,52,65
"L097",37.9317272602895,44,0.611044451377275,92,136,0.307909363727615,96,140,0.93367795202817,96,140,4.62294177784034,94,138,2.75229709191102,92,136,0.224562549994696,90,134,0.0168094462867067,90,134,7.57513928214186,92,136,0.31777687864498,96,140,1.02873360503519,93,137,1.22932245404574,94,138,0.127835827532756,96,140,0.446342826080894,96,140
"L098",38.154527903417,37,0.120664295465546,28,65,0.0307663115938963,4,41,0.0932397507992867,4,41,1.78658024778623,23,60,1.06703431272209,23,60,0.113265404790588,34,71,0.00427635064079193,34,71,1.1385622245263,23,60,0.0790218919668307,12,49,0.362076519603107,18,55,0.446847451761503,18,55,0.0354103011782137,12,49,0.112482495913156,11,48
"L099",39.45,12,0.516391053772886,87,99,0.138317355037328,50,62,0.419399901314746,50,62,3.83153136588192,78,90,2.27508939183904,77,89,0.229126037994702,92,104,0.0174995804290498,92,104,5.17603174085855,77,89,0.196460651378612,60,72,0.785875591877192,66,78,1.07530589487957,81,93,0.0955005623642506,72,84,0.317257874622797,69,81
"L100",38.625,24,0.406911319770849,71,95,0.132725078464399,47,71,0.402446317620358,47,71,3.22321413157077,61,85,2.03216680714268,65,89,0.202374650011882,79,103,0.0136518329891439,79,103,4.12970193205246,65,89,0.179859646780733,56,80,0.706128833972582,59,83,0.969527080470938,75,99,0.0871218474306479,65,89,0.290602666006395,64,88
