genotype,mean_BLUP,b,s2d,r2,p_slope,reliable,trait,b_class
CL1,14.06601425,0.998516251,0.098652917,0.986155552,0.00694635,TRUE,DTE,Average
CL2,13.9295976,1.071157275,0.241295851,0.971026237,0.014593365,TRUE,DTE,Average
CL3,14.0049378,0.996268227,0.081823677,0.988438698,0.005797456,TRUE,DTE,Average
Extra,13.81399134,0.931179318,0.016100034,0.997372468,0.00131463,TRUE,DTE,Average
L001,13.79663124,1.007585322,0.002603979,0.999636214,0.00018191,TRUE,DTE,Average
L002,13.77789861,0.99586268,0.009399733,0.998657039,0.000671706,TRUE,DTE,Average
L003,13.78607737,0.964913337,0.005998664,0.999086704,0.000456752,TRUE,DTE,Average
L004,13.79511513,1.014364221,0.002043367,0.999718313,0.000140853,TRUE,DTE,Average
L005,13.84770586,0.978411091,0.003118116,0.999538067,0.000230993,TRUE,DTE,Average
L006,13.86496017,0.980457903,0.065846703,0.990374876,0.004824198,TRUE,DTE,Average
L007,13.82898186,0.980583619,0.008893,0.998689491,0.000655469,TRUE,DTE,Average
L008,13.89393938,0.949775156,0.005565687,0.999125363,0.000437414,TRUE,DTE,Average
L009,13.75720322,1.007329675,0.000822158,0.999885054,5.74745257249178e-05,TRUE,DTE,Average
L010,13.91469117,0.913342395,0.03955788,0.993316805,0.003347199,TRUE,DTE,Average
L011,13.73448933,1.066060721,0.007285938,0.999091223,0.000454492,TRUE,DTE,Average
L012,13.91535878,0.948433787,0.071971523,0.988775298,0.005628189,TRUE,DTE,Average
L013,13.80643982,0.981245901,0.000588687,0.99991326,4.33711367509421e-05,TRUE,DTE,Average
L014,13.88331082,0.930648265,0.004017516,0.999342295,0.000328907,TRUE,DTE,Average
L015,13.86876026,0.964324171,0.016505496,0.997487994,0.001256793,TRUE,DTE,Average
L016,13.81497906,1.00425924,0.00495285,0.999303708,0.000348207,TRUE,DTE,Average
L017,13.8307617,1.000886986,0.007080027,0.998998248,0.000501001,TRUE,DTE,Average
L018,13.84494403,0.975825169,0.012135345,0.998195096,0.00090286,TRUE,DTE,Average
L019,13.70754704,1.045279746,0.000894095,0.999883909,5.80472422360557e-05,TRUE,DTE,Average
L020,13.84886794,0.977387593,0.000370569,0.999944965,2.75180621516014e-05,TRUE,DTE,Average
L021,13.83535463,0.967524343,0.044175371,0.993348971,0.003331062,TRUE,DTE,Average
L022,13.82233728,1.001930456,0.012357783,0.998256435,0.000872163,TRUE,DTE,Average
L023,13.7374159,1.040843112,0.017775514,0.997677411,0.001161969,TRUE,DTE,Average
L024,13.75117474,1.038446967,0.003937095,0.999482259,0.000258904,TRUE,DTE,Average
L025,13.67792344,1.109035212,0.040440988,0.995356555,0.002324424,TRUE,DTE,Average
L026,13.92594428,0.900048367,0.012062336,0.997891791,0.001054661,TRUE,DTE,Average
L027,13.85984295,0.960641193,0.021669493,0.996679432,0.001661665,TRUE,DTE,Average
L028,13.83209844,0.992283318,0.002510642,0.999638351,0.000180841,TRUE,DTE,Average
L029,13.8082853,0.972067705,0.009597408,0.998560982,0.000719768,TRUE,DTE,Average
L030,13.89011107,0.939392896,0.011356711,0.998177379,0.000911726,TRUE,DTE,Average
L031,13.81720532,0.992152887,0.002221951,0.999679839,0.000160093,TRUE,DTE,Average
L032,13.81592712,0.99324389,0.002119091,0.999695326,0.000152349,TRUE,DTE,Average
L033,13.78993244,1.038368913,0.005074123,0.999332735,0.000333688,TRUE,DTE,Average
L034,13.78128493,1.024849174,0.015763591,0.997875083,0.001063024,TRUE,DTE,Average
L035,13.72066726,1.01466673,0.002558138,0.999647585,0.000176223,TRUE,DTE,Average
L036,13.8274566,0.994197233,0.002716175,0.999610261,0.000194889,TRUE,DTE,Average
L037,13.83268089,0.985150011,0.002190393,0.999679883,0.000160071,TRUE,DTE,Average
L038,13.75018746,1.034569312,0.018937541,0.997495932,0.001252819,TRUE,DTE,Average
L039,13.75556545,1.023367994,0.00111811,0.999848544,7.57307018030083e-05,TRUE,DTE,Average
L040,13.78326439,1.015832632,0.002161982,0.999702827,0.000148598,TRUE,DTE,Average
L041,13.7681047,1.025742022,0.002897078,0.999609479,0.00019528,TRUE,DTE,Average
L042,13.73079221,1.041251286,0.010970412,0.998566428,0.000717043,TRUE,DTE,Average
L043,13.76282311,1.03050099,0.001352403,0.99981934,9.03339506827359e-05,TRUE,DTE,Average
L044,13.79458334,0.989715724,0.003609546,0.999477441,0.000261314,TRUE,DTE,Average
L045,13.76707802,0.99451715,0.002678485,0.999615914,0.000192061,TRUE,DTE,Average
L046,13.78925066,1.005149976,0.001630752,0.999771041,0.000114486,TRUE,DTE,Average
L047,13.7324518,0.999492447,0.008046379,0.9988585,0.000570913,TRUE,DTE,Average
L048,13.82439672,0.992270002,0.00199977,0.999711912,0.000144055,TRUE,DTE,Average
L049,13.81527721,1.010088488,0.002959774,0.999588574,0.000205734,TRUE,DTE,Average
L050,13.78449451,1.014773109,0.004715323,0.999350735,0.000324685,TRUE,DTE,Average
L051,13.7918724,1.035850327,0.003631164,0.999520074,0.000239992,TRUE,DTE,Average
L052,13.8495195,0.977411251,0.003153146,0.999531924,0.000234066,TRUE,DTE,Average
L053,13.70050734,1.038720841,0.002704539,0.999644474,0.000177779,TRUE,DTE,Average
L054,13.76173899,1.057208582,0.008023655,0.998982489,0.000508885,TRUE,DTE,Average
L055,13.7034061,1.073594508,0.033965564,0.995836325,0.002084009,TRUE,DTE,Average
L056,13.7475919,1.052022154,0.023452584,0.997002441,0.001499904,TRUE,DTE,Average
L057,13.87017149,0.932253249,0.083648608,0.986528036,0.006758823,TRUE,DTE,Average
L058,13.68311546,1.003402496,0.243696346,0.966797946,0.01674116,TRUE,DTE,Average
L059,13.74648252,0.977473339,0.105303367,0.984603418,0.007728153,TRUE,DTE,Average
L060,13.88208692,0.957996911,0.023052175,0.996448848,0.001777155,TRUE,DTE,Average
L061,13.84574817,0.97503045,0.010194277,0.998480886,0.000759846,TRUE,DTE,Average
L062,13.78037875,0.980751466,0.002597419,0.999617009,0.000191514,TRUE,DTE,Average
L063,13.77199681,1.007592533,0.000207258,0.999971036,1.44821197211224e-05,TRUE,DTE,Average
L064,13.81837169,0.99974357,0.000681369,0.999903285,4.83586869329994e-05,TRUE,DTE,Average
L065,13.75660531,1.047348105,0.010717874,0.99861562,0.00069243,TRUE,DTE,Average
L066,13.7996466,0.960999456,0.012442565,0.99809206,0.000954426,TRUE,DTE,Average
L067,13.8698767,0.948076038,0.008009123,0.998737357,0.000631521,TRUE,DTE,Average
L068,13.9136404,0.941162828,0.0047217,0.999244262,0.00037794,TRUE,DTE,Average
L069,13.84183136,0.96133823,0.00833302,0.99872231,0.000639049,TRUE,DTE,Average
L070,13.76572963,1.00142081,0.005603395,0.999207855,0.000396151,TRUE,DTE,Average
L071,13.76904396,1.009041047,0.000341324,0.999952438,2.37812393758435e-05,TRUE,DTE,Average
L072,13.82902272,0.988493907,6.51449882334974e-05,0.999990541,4.72966638218397e-06,TRUE,DTE,Average
L073,13.79270914,1.003171041,0.002505214,0.999646921,0.000176555,TRUE,DTE,Average
L074,13.91178494,0.925419188,0.007655443,0.998733301,0.00063355,TRUE,DTE,Average
L075,13.74005667,1.080868156,0.029823533,0.996391107,0.001806078,TRUE,DTE,Average
L076,13.75256579,1.01904807,0.00018525,0.99997469,1.26549745160186e-05,TRUE,DTE,Average
L077,13.79679376,1.016659179,0.003519189,0.99951715,0.000241454,TRUE,DTE,Average
L078,13.76492105,1.023924268,0.00058921,0.999920268,3.98665655462378e-05,TRUE,DTE,Average
L079,13.69988778,1.083284217,0.027048953,0.996740296,0.001631183,TRUE,DTE,Average
L080,13.82929076,1.000580544,0.003313788,0.999530596,0.00023473,TRUE,DTE,Average
L081,13.79512033,1.009211917,0.003021259,0.999579301,0.000210371,TRUE,DTE,Average
L082,13.69944583,1.094898103,0.034929838,0.995882932,0.002060657,TRUE,DTE,Average
L083,13.83771455,0.949619277,0.002480863,0.99960982,0.000195109,TRUE,DTE,Average
L084,13.78246329,1.01223121,0.000892027,0.999876492,6.17559693875039e-05,TRUE,DTE,Average
L085,13.76170617,1.025056576,0.006123779,0.999173781,0.000413195,TRUE,DTE,Average
L086,13.76286556,1.023620796,0.000723106,0.999902093,4.89544652836663e-05,TRUE,DTE,Average
L087,13.78148367,1.002869925,0.000490261,0.999930843,3.45793179363726e-05,TRUE,DTE,Average
L088,13.81341218,0.985426686,0.001141812,0.999833197,8.34050230204656e-05,TRUE,DTE,Average
L089,13.73080895,1.019350709,0.004376902,0.999402703,0.000298693,TRUE,DTE,Average
L090,13.78329954,1.019775011,0.011739783,0.998400859,0.000799891,TRUE,DTE,Average
L091,13.90946326,0.970764076,0.004055255,0.999389822,0.000305135,TRUE,DTE,Average
L092,13.72615879,1.043049811,0.005167034,0.999326606,0.000336754,TRUE,DTE,Average
L093,13.87886953,0.943154648,0.003720707,0.999406894,0.000296597,TRUE,DTE,Average
L094,13.89121512,0.990175946,0.002679972,0.999612325,0.000193856,TRUE,DTE,Average
L095,13.77712532,0.982288957,0.010617385,0.998441194,0.000779707,TRUE,DTE,Average
L096,13.7247074,1.052766599,0.011770985,0.998495385,0.00075259,TRUE,DTE,Average
L097,13.76997523,0.996660827,0.008016293,0.998856299,0.000572014,TRUE,DTE,Average
L098,13.77721536,1.016954717,0.001986749,0.999727509,0.000136255,TRUE,DTE,Average
L099,13.78935477,0.994097399,0.002864955,0.999588839,0.000205602,TRUE,DTE,Average
L100,13.90488329,0.961928458,0.018617703,0.997153357,0.001424336,TRUE,DTE,Average
CL1,51.42421188,1.00437153,0.103898643,0.994192457,0.002908,TRUE,DTF,Average
CL2,53.55757163,1.057592373,0.030432887,0.99845923,0.000770682,TRUE,DTF,Average
CL3,54.09236009,0.905927894,0.01533939,0.998941084,0.000529598,TRUE,DTF,Average
Extra,51.41513242,1.068081098,0.004125791,0.999794926,0.000102542,TRUE,DTF,Average
L001,55.79026188,0.913042389,0.617375091,0.95969122,0.020361689,TRUE,DTF,Average
L002,52.77620304,0.982525881,0.693738026,0.960838544,0.019776278,TRUE,DTF,Average
L003,51.3512381,1.100120725,0.029648607,0.998612537,0.000693972,TRUE,DTF,Average
L004,51.16740283,1.029669736,0.061819388,0.996703934,0.001649393,TRUE,DTF,Average
L005,52.48322948,1.135222584,0.212403359,0.990738966,0.004641288,TRUE,DTF,Average
L006,54.98321931,0.915710878,0.56173159,0.963396869,0.018472176,TRUE,DTF,Average
L007,53.93800946,0.785794019,0.186722558,0.983138547,0.008466568,TRUE,DTF,Stable
L008,52.14013702,1.09642779,0.172860698,0.991910723,0.004052851,TRUE,DTF,Average
L009,51.88759608,0.990092986,0.104501368,0.993990296,0.00300938,TRUE,DTF,Average
L010,54.46491027,0.702595033,0.293097179,0.96742244,0.016423648,TRUE,DTF,Stable
L011,54.54512774,0.777110501,0.752410752,0.934000953,0.033562753,TRUE,DTF,Stable
L012,55.85188546,0.8695842,0.258591767,0.9809739,0.009558735,TRUE,DTF,Average
L013,52.60351519,1.114870889,0.025375738,0.998843441,0.000578447,TRUE,DTF,Average
L014,53.37864837,1.012222082,0.304614979,0.983417933,0.008325692,TRUE,DTF,Average
L015,50.53896475,0.928882247,0.935234728,0.942085096,0.029389318,TRUE,DTF,Average
L016,52.0632895,1.050156426,0.033666354,0.998271626,0.000864561,TRUE,DTF,Average
L017,52.0558315,1.14402252,0.087013644,0.996243489,0.001880023,TRUE,DTF,Average
L018,52.17759386,0.964127454,0.007723992,0.999528948,0.000235554,TRUE,DTF,Average
L019,53.4016534,0.846083842,0.078565501,0.993813983,0.003097807,TRUE,DTF,Average
L020,54.83531056,1.028302072,0.532293993,0.97224217,0.013976587,TRUE,DTF,Average
L021,52.23147021,0.88701542,0.059175613,0.995752506,0.002126007,TRUE,DTF,Average
L022,54.59772971,0.993593248,0.110856032,0.993671717,0.003169163,TRUE,DTF,Average
L023,52.51532293,0.967691182,0.132366239,0.992046894,0.003984491,TRUE,DTF,Average
L024,53.66685324,1.010713155,0.637739968,0.965803818,0.017246818,TRUE,DTF,Average
L025,53.10219205,1.027652498,0.023325737,0.998748877,0.000625757,TRUE,DTF,Average
L026,55.16812315,1.006633118,0.695704039,0.962520566,0.018918675,TRUE,DTF,Average
L027,52.07223456,1.004608565,0.265827131,0.985281392,0.007386585,TRUE,DTF,Average
L028,53.14780017,1.100174826,0.682120492,0.969027608,0.015608001,TRUE,DTF,Average
L029,52.65290484,0.827454207,0.467142096,0.962745935,0.018803824,TRUE,DTF,Average
L030,56.30323402,1.218013668,0.926612901,0.965788132,0.017254798,TRUE,DTF,Responsive
L031,50.53741702,1.108936009,0.481790075,0.978262912,0.010928258,TRUE,DTF,Average
L032,52.72961804,1.042732568,0.073615552,0.996174747,0.001914459,TRUE,DTF,Average
L033,53.76356272,0.943919838,0.619354428,0.962070525,0.019148062,TRUE,DTF,Average
L034,51.8283015,1.077646679,0.07469573,0.996365351,0.001818979,TRUE,DTF,Average
L035,51.85085492,1.030657293,0.109714941,0.994176266,0.002916119,TRUE,DTF,Average
L036,52.4090892,0.980619217,0.04846398,0.997149772,0.001426131,TRUE,DTF,Average
L037,54.92521053,0.937828261,0.908191968,0.944675851,0.028055634,TRUE,DTF,Average
L038,53.99897883,1.09006298,0.126818615,0.99398328,0.003012899,TRUE,DTF,Average
L039,50.2046199,1.031304306,0.50486406,0.973784123,0.013194992,TRUE,DTF,Average
L040,52.96651159,0.971432414,0.08629785,0.994840245,0.002583214,TRUE,DTF,Average
L041,52.81000626,0.977936978,0.037334311,0.997790842,0.00110519,TRUE,DTF,Average
L042,53.66258177,0.921065799,0.350873256,0.977080754,0.011526048,TRUE,DTF,Average
L043,52.28873397,0.984958582,0.137256853,0.992039725,0.00398809,TRUE,DTF,Average
L044,55.11777407,0.94652043,0.071796746,0.995475441,0.002264844,TRUE,DTF,Average
L045,51.98567523,1.095019714,0.065857302,0.996894652,0.001553881,TRUE,DTF,Average
L046,52.9803489,1.001005178,0.376791017,0.979118389,0.010495887,TRUE,DTF,Average
L047,51.74614879,1.003711381,0.135067592,0.992453518,0.003780387,TRUE,DTF,Average
L048,51.8666713,0.96577346,0.170906743,0.989714638,0.005155973,TRUE,DTF,Average
L049,54.68934711,0.944101761,0.070199925,0.995553029,0.002225963,TRUE,DTF,Average
L050,51.37527509,1.256184443,0.747105621,0.973850207,0.013161509,TRUE,DTF,Responsive
L051,52.26980578,0.989880136,0.002959246,0.999828745,8.56309832076214e-05,TRUE,DTF,Average
L052,53.81478621,0.970595794,0.135777176,0.991891972,0.004062265,TRUE,DTF,Average
L053,52.47644321,0.971190947,0.196296455,0.988334375,0.005849923,TRUE,DTF,Average
L054,52.70410032,0.86473931,0.13015714,0.990224652,0.004899677,TRUE,DTF,Average
L055,52.47352332,1.081900726,0.175964075,0.991545986,0.004235979,TRUE,DTF,Average
L056,52.77032096,1.122567949,0.121773942,0.99454925,0.002729099,TRUE,DTF,Average
L057,52.33876789,0.987809262,0.27917635,0.984032288,0.008015984,TRUE,DTF,Average
L058,54.89983558,0.84122855,0.396192344,0.96922462,0.015507938,TRUE,DTF,Average
L059,53.69287947,0.927267566,0.034352952,0.997739149,0.001131065,TRUE,DTF,Average
L060,50.1531142,1.141072051,1.844800931,0.925619867,0.037908597,TRUE,DTF,Average
L061,53.28327377,1.029854226,0.022413028,0.998802902,0.000598728,TRUE,DTF,Average
L062,52.35009351,1.225015542,0.114104524,0.995706102,0.002149259,TRUE,DTF,Responsive
L063,51.3005473,1.130739482,0.174080381,0.992337245,0.003838745,TRUE,DTF,Average
L064,51.66023323,1.16782605,0.115141484,0.995234572,0.002385559,TRUE,DTF,Average
L065,52.15741187,1.009655146,0.028647129,0.998408729,0.000795952,TRUE,DTF,Average
L066,53.46930842,1.052162631,0.381474935,0.980831178,0.009630787,TRUE,DTF,Average
L067,51.1052734,1.005898985,0.330961631,0.981786769,0.009148463,TRUE,DTF,Average
L068,55.35526406,0.792284726,1.260867808,0.897728863,0.052514453,TRUE,DTF,Stable
L069,52.11304215,0.854624863,0.095635185,0.992628526,0.003692554,TRUE,DTF,Average
L070,50.79366382,0.777555209,0.48275928,0.956675485,0.021902109,TRUE,DTF,Stable
L071,55.12466512,0.893118033,0.770929176,0.948033739,0.026329758,TRUE,DTF,Average
L072,50.2194645,1.046849957,1.253616586,0.939074803,0.03094128,TRUE,DTF,Average
L073,49.90306004,1.043284417,2.323658062,0.891998051,0.055543515,TRUE,DTF,Average
L074,49.82931641,1.100820403,2.349467221,0.900932827,0.050825186,TRUE,DTF,Average
L075,50.36174548,1.119822949,0.957275772,0.958501532,0.020969085,TRUE,DTF,Average
L076,50.20340628,1.111302244,1.957373432,0.91752399,0.042125274,TRUE,DTF,Average
L077,50.70544675,0.838597572,0.474698921,0.96312806,0.01860912,TRUE,DTF,Average
L078,51.77586911,0.881838392,0.010202025,0.999256491,0.000371824,TRUE,DTF,Average
L079,52.64667867,1.043110195,0.37885547,0.980634826,0.009729923,TRUE,DTF,Average
L080,50.99086009,1.110649347,1.152867311,0.949662065,0.025493938,TRUE,DTF,Average
L081,52.31802821,0.812511586,0.237691589,0.979988638,0.010056245,TRUE,DTF,Average
L082,50.62366351,1.19274386,0.145284676,0.994241383,0.002883466,TRUE,DTF,Average
L083,51.75356763,1.02358815,0.048149005,0.997400396,0.001300648,TRUE,DTF,Average
L084,52.56815401,1.00499112,0.240551177,0.986672249,0.006686228,TRUE,DTF,Average
L085,51.20943721,1.046045441,0.004794676,0.999751543,0.000124236,TRUE,DTF,Average
L086,52.36648765,0.999034869,0.142670734,0.991957932,0.004029151,TRUE,DTF,Average
L087,51.28151822,0.998716505,0.020064792,0.998860391,0.000569967,TRUE,DTF,Average
L088,50.10356085,1.135214986,1.748973129,0.928530004,0.036397383,TRUE,DTF,Average
L089,52.5364166,0.888185875,0.247232063,0.982535892,0.008770515,TRUE,DTF,Average
L090,51.71071395,1.145614643,0.789255113,0.96701809,0.01662922,TRUE,DTF,Average
L091,51.12232197,1.030797787,0.094329099,0.994990222,0.002508034,TRUE,DTF,Average
L092,51.12088649,1.002877287,0.248866199,0.986160549,0.006943834,TRUE,DTF,Average
L093,54.00476591,0.90897502,0.285921503,0.980751243,0.009671144,TRUE,DTF,Average
L094,54.61473053,0.938066467,0.171059494,0.989095169,0.005467362,TRUE,DTF,Average
L095,52.2307176,0.943463222,0.179009575,0.988722788,0.005654593,TRUE,DTF,Average
L096,52.50336077,1.01671214,0.10113819,0.994481554,0.00276304,TRUE,DTF,Average
L097,52.60740774,0.859193995,0.223650839,0.983107651,0.008482148,TRUE,DTF,Average
L098,52.97043545,0.987975652,0.045356016,0.997371547,0.001315091,TRUE,DTF,Average
L099,51.63476408,1.096592742,0.160346894,0.992494171,0.003759983,TRUE,DTF,Average
L100,52.11914898,1.057931663,0.062796599,0.996827936,0.001587292,TRUE,DTF,Average
CL1,37.32484303,1.002825146,0.130380888,0.99551424,0.002245401,TRUE,VegP,Average
CL2,39.62276157,1.108992762,0.187647243,0.994725116,0.002640929,TRUE,VegP,Average
CL3,40.06124208,0.924402567,0.067696855,0.997254148,0.00137387,TRUE,VegP,Average
Extra,37.36449875,1.035919547,0.075377166,0.997564692,0.001218396,TRUE,VegP,Average
L001,41.80870142,1.026829426,0.689130812,0.977788641,0.011168042,TRUE,VegP,Average
L002,38.78905488,0.947605909,0.425521261,0.983796967,0.008134602,TRUE,VegP,Average
L003,37.46141644,1.035072683,0.161015349,0.994803773,0.002601497,TRUE,VegP,Average
L004,37.17850888,1.052943162,0.043518841,0.998637613,0.000681426,TRUE,VegP,Average
L005,38.41695786,1.059456997,0.511142216,0.984419536,0.007820815,TRUE,VegP,Average
L006,40.84850744,0.963197605,0.961230273,0.965241756,0.017532822,TRUE,VegP,Average
L007,39.91467797,0.861691327,0.76449872,0.965451526,0.017426071,TRUE,VegP,Average
L008,38.02679771,1.010544396,0.37006846,0.987561712,0.006238604,TRUE,VegP,Average
L009,37.93745698,0.96057361,0.095128874,0.996429552,0.00178682,TRUE,VegP,Average
L010,40.29234229,0.71243107,0.493495064,0.96731197,0.016479807,TRUE,VegP,Stable
L011,40.59122147,0.947421516,1.636769682,0.940400964,0.030257269,TRUE,VegP,Average
L012,41.65335405,0.873075114,0.504390446,0.977519086,0.011304351,TRUE,VegP,Average
L013,38.60427919,1.061976646,0.195995955,0.993996189,0.003006425,TRUE,VegP,Average
L014,39.24739446,1.033248721,0.198021497,0.993594737,0.003207776,TRUE,VegP,Average
L015,36.45992171,0.878048947,0.700065467,0.969406292,0.015415676,TRUE,VegP,Average
L016,38.07336653,1.035203065,0.031140982,0.998991054,0.0005046,TRUE,VegP,Average
L017,38.03961991,1.143887457,0.074941069,0.99801338,0.000993804,TRUE,VegP,Average
L018,38.08925357,0.955456546,0.023438469,0.999108451,0.000445874,TRUE,VegP,Average
L019,39.51244573,0.919273672,0.429896362,0.982626486,0.008724818,TRUE,VegP,Average
L020,40.81128131,1.068184489,0.325745913,0.990175203,0.004924524,TRUE,VegP,Average
L021,38.1864402,0.890199124,0.267991258,0.98838293,0.005825503,TRUE,VegP,Average
L022,40.65267897,1.034498749,0.028306429,0.999081559,0.000459326,TRUE,VegP,Average
L023,38.64015528,1.050613662,0.110558274,0.996530867,0.001736074,TRUE,VegP,Average
L024,39.69724144,1.076333723,0.588619522,0.982647439,0.008714249,TRUE,VegP,Average
L025,39.22391977,1.096004826,0.062226393,0.998202812,0.000898998,TRUE,VegP,Average
L026,41.02492371,1.033812958,0.232712349,0.992489197,0.00376248,TRUE,VegP,Average
L027,37.98065082,0.932741028,0.193122844,0.992344054,0.003835328,TRUE,VegP,Average
L028,39.1056556,1.075044944,0.550174511,0.983724078,0.008171347,TRUE,VegP,Average
L029,38.72498558,0.905668141,0.958036418,0.960988978,0.019699547,TRUE,VegP,Average
L030,42.21481202,1.155382542,0.549227264,0.985901942,0.00707405,TRUE,VegP,Average
L031,36.54845289,1.021187446,0.703132267,0.977102334,0.011515132,TRUE,VegP,Average
L032,38.70254135,1.053702149,0.033047889,0.998966563,0.000516852,TRUE,VegP,Average
L033,39.77362558,0.943263949,0.496294015,0.980982265,0.009554512,TRUE,VegP,Average
L034,37.88688139,1.107484542,0.000223619,0.999993663,3.16829386741022e-06,TRUE,VegP,Average
L035,38.00152596,1.031698686,0.242854878,0.992132516,0.00394151,TRUE,VegP,Average
L036,38.37855805,0.953266047,0.022555429,0.999138067,0.000431059,TRUE,VegP,Average
L037,40.91372201,1.012851859,0.903822005,0.970289002,0.014967512,TRUE,VegP,Average
L038,40.08007568,1.126195325,0.078361384,0.997857266,0.001071941,TRUE,VegP,Average
L039,36.30414565,1.004654066,0.452774279,0.984648356,0.00770551,TRUE,VegP,Average
L040,39.000643,0.996752169,0.114052895,0.996026002,0.001988977,TRUE,VegP,Average
L041,38.79062904,1.013688288,0.102889426,0.996532007,0.001735503,TRUE,VegP,Average
L042,39.74377529,1.03354507,0.369807466,0.988110937,0.005962306,TRUE,VegP,Average
L043,38.32305981,0.980224321,0.13060339,0.99529801,0.002353765,TRUE,VegP,Average
L044,41.10924706,0.980332125,0.086757961,0.996872283,0.001565083,TRUE,VegP,Average
L045,38.06147044,1.043014577,0.157668114,0.994988058,0.002509119,TRUE,VegP,Average
L046,39.00687419,0.957771852,0.130840771,0.995067167,0.002469466,TRUE,VegP,Average
L047,37.92549885,1.042120847,0.146817868,0.995323381,0.00234105,TRUE,VegP,Average
L048,37.85837324,1.013461614,0.180037718,0.993944693,0.003032251,TRUE,VegP,Average
L049,40.62625336,0.969404629,0.230994361,0.991529251,0.004244382,TRUE,VegP,Average
L050,37.37397244,1.129102693,1.579072286,0.958727991,0.020853438,TRUE,VegP,Average
L051,38.24221458,1.010593462,0.022476214,0.999235701,0.000382222,TRUE,VegP,Average
L052,39.76453612,0.95128033,0.067312581,0.997421406,0.001290129,TRUE,VegP,Average
L053,38.65436015,1.042334783,0.243896096,0.992258232,0.003878405,TRUE,VegP,Average
L054,38.73681797,0.932279035,0.225360513,0.991068697,0.004475667,TRUE,VegP,Average
L055,38.63889903,1.128130966,0.25859304,0.9929876,0.003512368,TRUE,VegP,Average
L056,38.88149907,1.129221776,0.295927688,0.99199865,0.00400871,TRUE,VegP,Average
L057,38.25747561,0.918978489,0.232933381,0.990504831,0.004758908,TRUE,VegP,Average
L058,41.02949726,0.868782546,1.604549551,0.931198441,0.035013761,TRUE,VegP,Average
L059,39.77644299,0.894771064,0.262127682,0.988748768,0.005641529,TRUE,VegP,Average
L060,36.09117694,0.941879844,1.691584603,0.937847309,0.03157483,TRUE,VegP,Average
L061,39.24689301,0.994393659,0.01730083,0.999392269,0.000303912,TRUE,VegP,Average
L062,38.40727633,1.108803246,0.45920409,0.987184948,0.006428187,TRUE,VegP,Average
L063,37.33107917,1.06255774,0.391706681,0.988085508,0.005975097,TRUE,VegP,Average
L064,37.62813129,1.104426328,0.430330823,0.987886736,0.006075085,TRUE,VegP,Average
L065,38.22114123,1.02513537,0.038619929,0.998724385,0.000638011,TRUE,VegP,Average
L066,39.50107537,0.948199308,0.382332887,0.985435497,0.007308962,TRUE,VegP,Average
L067,37.00394293,0.950919401,0.457859669,0.98270607,0.008684677,TRUE,VegP,Average
L068,41.21574837,0.923229684,1.709390814,0.93483956,0.033128985,TRUE,VegP,Average
L069,38.07149844,0.875567767,0.347799975,0.984476824,0.007791945,TRUE,VegP,Average
L070,36.8225316,0.840128398,0.625729285,0.970108979,0.015058896,TRUE,VegP,Average
L071,41.2209036,0.926418604,1.00654881,0.960835341,0.019777913,TRUE,VegP,Average
L072,36.15111957,0.951263084,1.349413961,0.950725294,0.024948569,TRUE,VegP,Average
L073,35.99659384,0.969956035,2.143239576,0.926633203,0.03738211,TRUE,VegP,Average
L074,35.75220415,0.916454845,2.798502167,0.896213671,0.053314376,TRUE,VegP,Average
L075,36.41548663,1.065727751,0.898501332,0.973240894,0.013470277,TRUE,VegP,Average
L076,36.24756379,0.967680207,2.22934262,0.923579079,0.038969783,TRUE,VegP,Average
L077,36.71915032,0.893131076,0.492613825,0.978987467,0.010562045,TRUE,VegP,Average
L078,37.83163153,0.937569567,0.183291071,0.992805123,0.003603933,TRUE,VegP,Average
L079,38.78282792,1.124789984,0.268345118,0.992682106,0.003665665,TRUE,VegP,Average
L080,36.98899658,1.000033816,1.317508648,0.956216988,0.022136519,TRUE,VegP,Average
L081,38.32062474,0.938607174,0.605435294,0.976672194,0.011732732,TRUE,VegP,Average
L082,36.72218304,1.172460089,0.354525316,0.991116159,0.00445183,TRUE,VegP,Average
L083,37.73027836,0.981238025,0.11638568,0.995816352,0.002094016,TRUE,VegP,Average
L084,38.56570999,0.996539213,0.169372673,0.994107319,0.002950694,TRUE,VegP,Average
L085,37.30549782,1.054803532,0.011917037,0.999627875,0.00018608,TRUE,VegP,Average
L086,38.44655825,1.043156371,0.094864672,0.996979235,0.001511525,TRUE,VegP,Average
L087,37.33504214,1.008439386,0.01932094,0.999340117,0.000329996,TRUE,VegP,Average
L088,36.13227826,0.998291415,2.208796866,0.928478282,0.036424221,TRUE,VegP,Average
L089,38.6453452,0.960472435,0.500004111,0.981510557,0.009287853,TRUE,VegP,Average
L090,37.82258503,1.046162238,1.142809593,0.964979763,0.017666165,TRUE,VegP,Average
L091,36.95294022,1.00952504,0.136840459,0.995355025,0.002325191,TRUE,VegP,Average
L092,37.23719176,1.072101378,0.194536891,0.99415199,0.002928293,TRUE,VegP,Average
L093,39.9368927,0.962721486,0.260779076,0.990315658,0.004853952,TRUE,VegP,Average
L094,40.4720347,0.960106991,0.150456924,0.994359192,0.002824392,TRUE,VegP,Average
L095,38.29578943,0.978478922,0.277164154,0.990038806,0.004993062,TRUE,VegP,Average
L096,38.61137401,1.065539192,0.136291469,0.995845232,0.002079546,TRUE,VegP,Average
L097,38.6767067,0.932952678,0.604232583,0.976441045,0.011849685,TRUE,VegP,Average
L098,38.99265629,1.023619543,0.050598821,0.99832444,0.000838131,TRUE,VegP,Average
L099,37.67187645,1.08186856,0.059368342,0.998240189,0.000880293,TRUE,VegP,Average
L100,37.97208136,1.025993832,0.079860325,0.997370198,0.001315767,TRUE,VegP,Average
CL1,85.79322386,1.207823508,0.002372982,0.999951109,0.004451408,TRUE,DTM,Responsive
CL2,91.56723248,0.923017622,1.063614471,0.984726212,0.00766628,TRUE,DTM,Average
CL3,90.70756899,1.040730299,1.525128021,0.982806475,0.008634036,TRUE,DTM,Average
Extra,88.85447478,1.092115315,0.291131807,0.996976537,0.001512876,TRUE,DTM,Average
L001,88.9092779,0.90461189,0.416791372,0.984921537,0.07837114,TRUE,DTM,Average
L002,86.50910407,0.92244079,0.067717177,0.997613588,0.031111845,TRUE,DTM,Average
L003,90.46021261,0.891804713,0.033957864,0.999469803,0.000265134,TRUE,DTM,Average
L004,89.21651483,0.979048508,1.028298574,0.986846916,0.006598311,TRUE,DTM,Average
L005,90.98110632,0.965310253,0.889802801,0.988275216,0.005879677,TRUE,DTM,Average
L006,91.65568077,0.905970687,0.120262341,0.998182901,0.000908962,TRUE,DTM,Average
L007,87.07735727,1.081366984,0.119693029,0.996932745,0.035275834,TRUE,DTM,Average
L008,91.15545525,0.956908116,0.60674723,0.991834672,0.004091032,TRUE,DTM,Average
L009,89.10455595,1.092590946,0.386828965,0.995990171,0.002006928,TRUE,DTM,Average
L010,90.54161108,0.949066657,0.120953476,0.998334411,0.000833142,TRUE,DTM,Average
L011,91.00477504,0.944351075,0.044045152,0.998517659,0.024516676,TRUE,DTM,Average
L012,89.49990253,0.874745769,0.001116134,0.999956158,0.004215322,TRUE,DTM,Average
L013,91.23458646,0.952228298,1.278807561,0.982779486,0.008647648,TRUE,DTM,Average
L014,86.79805797,0.97264563,0.032421661,0.998970941,0.020425595,TRUE,DTM,Average
L015,88.69409506,1.073501537,1.051347135,0.988792392,0.005619594,TRUE,DTM,Average
L016,89.45633162,1.037284541,0.142323411,0.99835928,0.000820697,TRUE,DTM,Average
L017,90.29856211,1.029394344,0.412997919,0.995181039,0.00241239,TRUE,DTM,Average
L018,86.78546637,1.130755772,0.198895933,0.995346029,0.043463971,TRUE,DTM,Average
L019,86.24892602,1.00480652,1.029011078,0.970275701,0.110309088,TRUE,DTM,Average
L020,90.6582595,0.989429204,0.523074568,0.993405412,0.003302748,TRUE,DTM,Average
L021,85.55992121,1.077471105,0.000113387,0.999997064,0.001090779,TRUE,DTM,Average
L022,91.57217937,0.816262535,0.131409779,0.997555601,0.001222947,TRUE,DTM,Average
L023,88.07407909,0.858420088,0.061015299,0.99751732,0.031733675,TRUE,DTM,Average
L024,91.83998042,0.785244389,1.419834215,0.972187191,0.014004467,TRUE,DTM,Stable
L025,88.39502463,0.85509173,0.506981789,0.979584033,0.091275463,TRUE,DTM,Average
L026,90.46849437,1.009066581,0.287160095,0.996508336,0.001747358,TRUE,DTM,Average
L027,84.98837433,1.099251815,0.162832896,0.995965836,0.040462184,TRUE,DTM,Average
L028,86.27051926,1.002985467,0.099867101,0.997024907,0.03474129,TRUE,DTM,Average
L029,85.02921299,1.038888964,0.031202258,0.999131776,0.018761126,TRUE,DTM,Average
L030,88.97851998,1.112251525,0.010570513,0.999743233,0.010201608,TRUE,DTM,Average
L031,85.59358231,1.153784163,0.01571328,0.99964533,0.011989975,TRUE,DTM,Average
L032,85.96634494,0.876900294,0.028193435,0.998899144,0.02112638,TRUE,DTM,Average
L033,88.11585183,1.027092611,9.54008515935186e-05,0.999997282,0.001049607,TRUE,DTM,Average
L034,90.9093225,0.962917197,0.237326279,0.996830023,0.001586246,TRUE,DTM,Average
L035,85.6418103,1.068981844,0.170598366,0.995532639,0.04258234,TRUE,DTM,Average
L036,86.36604877,0.945585191,0.037907271,0.99872729,0.022716269,TRUE,DTM,Average
L037,86.98858738,1.049267184,0.595554705,0.984000511,0.080741742,TRUE,DTM,Average
L038,88.1603511,0.979394245,0.266789917,0.991709133,0.058047302,TRUE,DTM,Average
L039,89.23499308,1.013753455,0.580885371,0.993026456,0.003492872,TRUE,DTM,Average
L040,89.88180212,0.99406263,0.30280717,0.99620724,0.001898182,TRUE,DTM,Average
L041,90.16682455,1.107026005,0.25999897,0.997371066,0.001315332,TRUE,DTM,Average
L042,88.16059397,0.925184893,0.263551445,0.990830011,0.061056304,TRUE,DTM,Average
L043,86.79272077,0.891798853,0.220123871,0.991749192,0.057906511,TRUE,DTM,Average
L044,88.51281011,1.031230395,0.018136496,0.999487634,0.014411446,TRUE,DTM,Average
L045,91.83776053,0.801050637,0.036235462,0.999298906,0.000350608,TRUE,DTM,Average
L046,87.92897486,1.185651869,0.000148798,0.999996818,0.001135537,TRUE,DTM,Average
L047,91.00193239,0.845171097,0.228716235,0.996037671,0.001983131,TRUE,DTM,Average
L048,86.90197875,1.182145045,0.011365498,0.9997556,0.009952882,TRUE,DTM,Average
L049,90.54454982,1.01849307,1.100183472,0.986994392,0.006524086,TRUE,DTM,Average
L050,89.51006624,1.072408725,0.174381395,0.998119692,0.000940597,TRUE,DTM,Average
L051,86.33608437,0.985494355,0.184248249,0.99432995,0.047982719,TRUE,DTM,Average
L052,87.56244285,0.859249726,0.010800609,0.999560479,0.013347559,TRUE,DTM,Average
L053,87.91710243,0.93027955,0.301869175,0.989624156,0.064959958,TRUE,DTM,Average
L054,84.96564326,1.041547837,0.000277795,0.999992303,0.001766211,TRUE,DTM,Average
L055,88.8760791,0.87447378,0.111188537,0.995648552,0.042025462,TRUE,DTM,Average
L056,92.30891385,0.852560332,1.574724759,0.973788842,0.013192601,TRUE,DTM,Average
L057,85.53952106,1.176690626,0.014785238,0.999679133,0.011404236,TRUE,DTM,Average
L058,91.34775827,0.856188362,0.411474173,0.993074474,0.003468779,TRUE,DTM,Average
L059,91.87320113,0.845408337,0.793823207,0.986388508,0.006829064,TRUE,DTM,Average
L060,86.32430065,1.167994701,0.04792439,0.998945181,0.020679756,TRUE,DTM,Average
L061,91.52954315,0.798603972,0.229303976,0.995552868,0.002226043,TRUE,DTM,Stable
L062,91.73100905,0.918694822,0.060068349,0.999116541,0.000441827,TRUE,DTM,Average
L063,87.2994656,0.90819507,0.242813026,0.991229002,0.05970924,TRUE,DTM,Average
L064,86.51742881,1.04320639,0.505912972,0.986219335,0.074906199,TRUE,DTM,Average
L065,90.93388049,0.93711761,0.294609585,0.995849319,0.002077498,TRUE,DTM,Average
L066,89.93049866,1.075419218,0.509370075,0.994557795,0.002724815,TRUE,DTM,Average
L067,84.34407733,1.283429487,0.292842641,0.994684587,0.046455176,TRUE,DTM,Responsive
L068,89.54306144,0.975746568,0.107189939,0.996627328,0.036992321,TRUE,DTM,Average
L069,89.92580514,1.000878475,0.179747343,0.997775668,0.001112785,TRUE,DTM,Average
L070,90.4362806,1.040565671,0.169252426,0.998061703,0.000969619,TRUE,DTM,Average
L071,92.74730046,0.86673555,1.209921237,0.980382377,0.009857396,TRUE,DTM,Average
L072,85.47744463,1.035067751,0.000983743,0.999972401,0.003344481,TRUE,DTM,Average
L073,83.58985188,1.155628095,0.185877357,0.995833816,0.041119837,TRUE,DTM,Average
L074,84.49011181,0.948344627,0.681729674,0.977722987,0.095374967,TRUE,DTM,Average
L075,85.29553774,0.931090615,0.391524206,0.986606928,0.073840467,TRUE,DTM,Average
L076,85.76116095,0.932695425,0.062892148,0.99783162,0.029655473,TRUE,DTM,Average
L077,86.23784688,1.001331812,0.238649593,0.992896539,0.053719334,TRUE,DTM,Average
L078,84.90678747,0.990920943,0.189388594,0.994235965,0.048379515,TRUE,DTM,Average
L079,88.92305605,0.933227647,0.177050162,0.993926532,0.049663701,TRUE,DTM,Average
L080,87.49381005,0.968023928,6.19647292911972e-07,0.99999998,8.97525839885519e-05,TRUE,DTM,Average
L081,84.6275979,1.091447807,0.001359038,0.99996571,0.003727937,TRUE,DTM,Average
L082,86.86259378,0.858080128,0.017968129,0.999267024,0.017237656,TRUE,DTM,Average
L083,86.5183246,1.121918759,0.011976094,0.99971409,0.010765038,TRUE,DTM,Average
L084,90.12855327,0.97126214,0.412870634,0.994591797,0.002707767,TRUE,DTM,Average
L085,86.09834918,0.920698998,0.000642687,0.999977212,0.003039062,TRUE,DTM,Average
L086,88.0466728,0.647966544,0.387596319,0.973000916,0.105082051,TRUE,DTM,Stable
L087,87.77443277,0.953693975,0.000849578,0.999971924,0.003373256,TRUE,DTM,Average
L088,85.06481413,1.067072767,0.196509806,0.994839279,0.04577302,TRUE,DTM,Average
L089,86.89001896,0.831899795,0.225724978,0.990291283,0.062829891,TRUE,DTM,Average
L090,92.47828017,0.800807038,0.873392917,0.983360749,0.008354525,TRUE,DTM,Average
L091,85.7549626,1.127894872,0.300602239,0.992947509,0.053525805,TRUE,DTM,Average
L092,84.1781803,1.045586079,0.158860123,0.995651256,0.042012384,TRUE,DTM,Average
L093,90.65348376,0.996537383,0.960300524,0.98812864,0.005953401,TRUE,DTM,Average
L094,87.77089721,0.999187282,0.239383497,0.992844451,0.0539164,TRUE,DTM,Average
L095,85.73112661,1.100334997,0.078826361,0.998046858,0.028144176,TRUE,DTM,Average
L096,91.3023897,0.846782509,0.078408988,0.998643251,0.000678605,TRUE,DTM,Average
L097,87.34466455,1.153823835,0.329788033,0.992609132,0.054797945,TRUE,DTM,Average
L098,88.07444361,0.925658951,0.081026992,0.997165631,0.033908896,TRUE,DTM,Average
L099,90.57711424,0.965365957,1.87172464,0.975654371,0.012247819,TRUE,DTM,Average
L100,90.24250258,1.006097033,2.317755897,0.972338703,0.013927638,TRUE,DTM,Average
CL1,35.90126434,1.26109196,0.250913428,0.982277705,0.085002423,TRUE,RepP,Responsive
CL2,38.56228239,0.874439394,0.101185231,0.994224085,0.00289214,TRUE,RepP,Average
CL3,37.18458289,1.155366345,1.048453686,0.966667659,0.016807415,TRUE,RepP,Average
Extra,37.38283429,1.153322421,0.21189696,0.993054951,0.003478575,TRUE,RepP,Average
L001,35.06520987,0.878987279,0.716171332,0.904158899,0.200378335,TRUE,RepP,Average
L002,35.22588245,0.715666389,0.102523173,0.977621709,0.095593163,TRUE,RepP,Stable
L003,39.09984914,0.692953959,0.43394248,0.961840281,0.019265438,TRUE,RepP,Stable
L004,38.17133049,0.906317758,0.587774025,0.969542445,0.015346536,TRUE,RepP,Average
L005,38.87262699,0.99197143,0.029407897,0.998689687,0.000655371,TRUE,RepP,Average
L006,37.07739945,0.827821676,0.750614835,0.954119804,0.023209437,TRUE,RepP,Average
L007,34.76656964,1.19894887,1.750292421,0.877778031,0.227366772,TRUE,RepP,Average
L008,39.38675511,0.923749745,0.40039524,0.979816167,0.01014336,TRUE,RepP,Average
L009,37.0670661,1.083593919,0.015322782,0.999427422,0.00028633,TRUE,RepP,Average
L010,36.28769237,0.951974421,0.905719041,0.957968678,0.021241257,TRUE,RepP,Average
L011,37.97196355,1.023530707,0.447623637,0.953414752,0.138495417,TRUE,RepP,Average
L012,35.3673499,1.057348614,0.03767465,0.99616118,0.039469101,TRUE,RepP,Average
L013,38.84023256,0.87512235,0.358914896,0.97984012,0.010131261,TRUE,RepP,Average
L014,35.16050936,1.086693397,0.019473981,0.998117748,0.027628375,TRUE,RepP,Average
L015,37.88449552,1.124952036,0.285985681,0.990176468,0.004923889,TRUE,RepP,Average
L016,37.5758809,1.081844328,0.277647143,0.989692749,0.005166974,TRUE,RepP,Average
L017,38.30872507,0.83920922,0.341149923,0.97917693,0.010466307,TRUE,RepP,Average
L018,36.07290745,1.097523664,0.777780134,0.931238511,0.168911939,TRUE,RepP,Average
L019,34.454066,1.264577965,0.003056124,0.999781506,0.009410572,TRUE,RepP,Responsive
L020,35.76564486,0.705662279,2.707193158,0.807315231,0.101492776,TRUE,RepP,Stable
L021,34.64065316,1.297405981,0.292185346,0.980536291,0.089107019,TRUE,RepP,Responsive
L022,37.87782052,0.85746909,0.520142658,0.969878159,0.015176077,TRUE,RepP,Average
L023,36.98748874,0.827442894,0.024055394,0.995998247,0.040299099,TRUE,RepP,Average
L024,38.06769375,0.300828679,2.928601377,0.413104648,0.357267826,TRUE,RepP,Stable
L025,36.90820225,0.604928912,0.010613914,0.996694143,0.036623659,TRUE,RepP,Stable
L026,35.86288575,0.938281736,1.34179943,0.937284984,0.031865204,TRUE,RepP,Average
L027,34.3749563,1.118685206,0.059595464,0.994583808,0.046894292,TRUE,RepP,Average
L028,34.95072849,0.785928529,0.153832758,0.972308773,0.106432987,TRUE,RepP,Stable
L029,34.00136855,1.130398356,1.57727921,0.876304009,0.228795554,TRUE,RepP,Average
L030,34.82337622,1.028548081,0.03754143,0.995958356,0.040499731,TRUE,RepP,Average
L031,36.19326949,1.185302497,0.109929314,0.991131672,0.060040598,TRUE,RepP,Average
L032,34.92663425,0.875183904,0.373141726,0.947230138,0.147560068,TRUE,RepP,Average
L033,35.76344936,0.867393328,0.210243407,0.96903404,0.112613298,TRUE,RepP,Average
L034,39.19157748,0.877595285,0.194897674,0.989012505,0.005508921,TRUE,RepP,Average
L035,35.30693814,1.064316035,0.01227416,0.998762435,0.022400296,TRUE,RepP,Average
L036,35.38924796,0.939508529,0.079042553,0.989863452,0.06420393,TRUE,RepP,Average
L037,33.96549145,1.248538753,0.080297439,0.994143985,0.048764751,TRUE,RepP,Responsive
L038,35.94698636,0.863051247,0.014686017,0.997750386,0.030206271,TRUE,RepP,Average
L039,38.56542999,1.018632294,0.688624001,0.971689117,0.014257074,TRUE,RepP,Average
L040,37.03613663,1.032659749,0.217073588,0.991142576,0.004438562,TRUE,RepP,Average
L041,37.72120248,1.278990344,0.233377903,0.993775674,0.003117021,TRUE,RepP,Responsive
L042,36.11159646,0.870769092,0.307178024,0.955723656,0.134965934,TRUE,RepP,Average
L043,35.9356355,0.831633965,0.005752388,0.999049776,0.019627365,TRUE,RepP,Average
L044,35.10447553,1.0955604,0.254298318,0.976344656,0.098304192,TRUE,RepP,Average
L045,40.04727437,0.655882199,1.137478901,0.895990316,0.05343235,TRUE,RepP,Stable
L046,36.34730176,1.156393499,0.367422476,0.969536902,0.111685604,TRUE,RepP,Average
L047,39.40082202,0.706053959,0.64562421,0.946201935,0.027270883,TRUE,RepP,Stable
L048,36.48906196,1.312449753,0.819590653,0.94839676,0.145890338,TRUE,RepP,Responsive
L049,36.75910507,1.2830748,0.547605065,0.985607171,0.007222497,TRUE,RepP,Responsive
L050,38.3962682,1.003171576,1.486969033,0.939083558,0.030936762,TRUE,RepP,Average
L051,35.59035227,0.907234627,0.18026882,0.975566069,0.099922075,TRUE,RepP,Average
L052,35.35875459,0.758259033,0.189027731,0.963765925,0.121926184,TRUE,RepP,Stable
L053,36.89268145,0.836294721,0.135144424,0.978380654,0.093946114,TRUE,RepP,Average
L054,33.69781701,1.22472295,0.213224918,0.984003891,0.080733166,TRUE,RepP,Responsive
L055,37.96093373,0.719633599,0.553601502,0.891071342,0.214126787,TRUE,RepP,Stable
L056,39.64737068,0.586059857,1.236433682,0.863528394,0.070737715,TRUE,RepP,Stable
L057,34.57903778,1.399360534,0.190591677,0.988992393,0.066915477,TRUE,RepP,Responsive
L058,37.21772781,0.905593913,0.485368259,0.974675366,0.012743515,TRUE,RepP,Average
L059,38.47775818,0.723872224,0.521598226,0.95812884,0.021159441,TRUE,RepP,Stable
L060,36.98008252,1.174173637,0.254704459,0.979310612,0.091888885,TRUE,RepP,Average
L061,38.65593658,0.708903683,0.883447931,0.928352934,0.036489266,TRUE,RepP,Stable
L062,39.70435254,0.763922024,0.703039474,0.949768273,0.025439446,TRUE,RepP,Stable
L063,37.25914071,0.862079402,1.782933731,0.784717284,0.30716219,TRUE,RepP,Average
L064,36.39344062,0.776416244,0.059682527,0.988805005,0.067484766,TRUE,RepP,Stable
L065,38.81094695,0.910339498,0.331479768,0.982742855,0.008666123,TRUE,RepP,Average
L066,37.3777533,1.428749863,0.390570426,0.99167023,0.004173595,TRUE,RepP,Responsive
L067,34.48612785,1.58770717,0.063847033,0.997111987,0.034228585,TRUE,RepP,Responsive
L068,36.03186002,1.052869116,1.821741874,0.84180129,0.260412184,TRUE,RepP,Average
L069,38.00141417,1.164557737,0.012639132,0.999591025,0.000204508,TRUE,RepP,Average
L070,39.4222457,1.165407353,0.529390646,0.98317594,0.008447712,TRUE,RepP,Average
L071,38.0138435,0.718677105,0.911612626,0.92808657,0.036627502,TRUE,RepP,Stable
L072,36.37827118,1.030638266,0.310236299,0.967680304,0.1150751,TRUE,RepP,Average
L073,34.7507907,1.515541975,0.746988932,0.964142919,0.121282411,TRUE,RepP,Responsive
L074,35.64769228,1.120788993,3.910900136,0.737447837,0.342485791,TRUE,RepP,Average
L075,36.10945726,1.073540854,2.917769129,0.775486165,0.314256975,TRUE,RepP,Average
L076,36.62308949,0.823063483,1.641890295,0.782986393,0.308500719,TRUE,RepP,Average
L077,36.57639858,1.237981026,0.062587902,0.995351699,0.043437446,TRUE,RepP,Responsive
L078,34.44720056,1.190493461,0.00309283,0.999750512,0.010055939,TRUE,RepP,Average
L079,38.00831767,0.721999446,0.17665921,0.962691733,0.123743058,TRUE,RepP,Stable
L080,37.63745435,0.921221175,0.93430857,0.888180162,0.217063736,TRUE,RepP,Average
L081,33.81534863,1.35782508,0.937853984,0.945027283,0.150666087,TRUE,RepP,Responsive
L082,37.64209031,0.719742257,1.319761934,0.774390697,0.315091936,TRUE,RepP,Stable
L083,36.09818878,1.098585576,0.13407615,0.987455409,0.071453021,TRUE,RepP,Average
L084,37.89085733,0.937349033,0.870612949,0.958312265,0.02106575,TRUE,RepP,Average
L085,36.44535407,0.829951439,0.065012167,0.989322187,0.06590179,TRUE,RepP,Average
L086,37.17812575,0.408541416,0.411939389,0.779886047,0.310888678,TRUE,RepP,Stable
L087,37.83115225,0.832697526,0.012000755,0.998024711,0.028303393,TRUE,RepP,Average
L088,35.99071213,1.203423785,1.61770691,0.886731285,0.218523049,TRUE,RepP,Responsive
L089,35.94502266,0.963515544,0.173073966,0.979125883,0.092301083,TRUE,RepP,Average
L090,41.14655643,0.755610167,1.493745395,0.89697553,0.052912079,TRUE,RepP,Stable
L091,35.87445936,1.37680989,0.059595348,0.996417707,0.038125919,TRUE,RepP,Responsive
L092,34.64182692,1.266621841,0.003852672,0.999725461,0.010548776,TRUE,RepP,Responsive
L093,37.32991189,1.086763302,1.707223496,0.940326963,0.030295425,TRUE,RepP,Average
L094,34.93960604,0.873765836,0.882538663,0.883243907,0.222002573,TRUE,RepP,Average
L095,35.00873388,1.323323667,0.137309441,0.991113172,0.060103376,TRUE,RepP,Responsive
L096,39.05829199,0.740369194,0.317437908,0.975206519,0.012474548,TRUE,RepP,Stable
L097,36.15187067,1.425813279,0.370294363,0.979595597,0.091249431,TRUE,RepP,Responsive
L098,36.76758064,0.814355065,0.077470915,0.986817337,0.073255549,TRUE,RepP,Average
L099,38.83667743,0.805237197,2.288040804,0.865864203,0.069481756,TRUE,RepP,Average
L100,38.43666849,1.077402908,1.087169198,0.960506995,0.019945412,TRUE,RepP,Average
CL1,2.621500817,1.600483569,0.032225822,0.873318931,0.065484655,TRUE,lodging,Responsive
CL2,3.453311418,2.283452134,0.132995644,0.772739487,0.120943979,TRUE,lodging,Responsive
CL3,2.373283165,2.563203688,0.247471061,0.697201471,0.165014089,TRUE,lodging,Responsive
Extra,2.606786945,0.771722276,0.020335915,0.717508218,0.152941432,TRUE,lodging,Stable
L001,2.327266241,0.504577496,0.568611163,0.037381547,0.806656919,TRUE,lodging,Stable
L002,3.215801291,-0.031709339,0.063188493,0.001378162,0.9628764,TRUE,lodging,Stable
L003,2.014917453,1.575301385,0.056963245,0.790720117,0.110775553,TRUE,lodging,Responsive
L004,2.192637502,1.463219519,0.251655019,0.42458085,0.348401312,TRUE,lodging,Responsive
L005,2.4644518,1.594185865,0.002755996,0.987650728,0.006193818,TRUE,lodging,Responsive
L006,2.262878547,1.687359558,0.337569421,0.422466383,0.35002586,TRUE,lodging,Responsive
L007,1.961640743,1.003058241,0.204046619,0.299546824,0.45269129,TRUE,lodging,Average
L008,2.907658537,0.416182294,0.106245245,0.123875703,0.648040196,TRUE,lodging,Stable
L009,2.237360553,0.882251088,0.110128589,0.380029912,0.383534339,TRUE,lodging,Average
L010,2.476654336,0.301798409,0.211662997,0.035978127,0.810320989,TRUE,lodging,Stable
L011,2.562336981,1.402211783,0.349561952,0.32787882,0.427392962,TRUE,lodging,Responsive
L012,2.532579653,-2.550642771,0.391185957,0.59056277,0.23151918,TRUE,lodging,Stable
L013,2.566468628,2.559148369,0.070817258,0.889144372,0.057055478,TRUE,lodging,Responsive
L014,2.479133064,1.2757075,0.00160216,0.988776223,0.005627724,TRUE,lodging,Responsive
L015,2.444613104,0.579339988,0.036572385,0.44318632,0.334277596,TRUE,lodging,Stable
L016,3.185416858,1.618094027,0.104819708,0.684178276,0.172849303,TRUE,lodging,Responsive
L017,2.674266741,1.693350289,0.027174173,0.901493966,0.050529639,TRUE,lodging,Responsive
L018,3.058320971,1.089446611,0.082906428,0.553892759,0.255760281,TRUE,lodging,Average
L019,3.535636421,2.712302239,0.236830089,0.729292747,0.146013614,TRUE,lodging,Responsive
L020,3.041070991,2.374912598,0.01080391,0.978390964,0.010863526,TRUE,lodging,Responsive
L021,2.232931246,0.309283511,0.142211865,0.055120943,0.765221502,TRUE,lodging,Stable
L022,3.643447096,0.722393559,0.026034699,0.634827618,0.203239297,TRUE,lodging,Stable
L023,3.993641531,1.284220695,0.173212066,0.452288623,0.327475931,TRUE,lodging,Responsive
L024,3.754082065,1.894190381,0.355757236,0.466579658,0.316933636,TRUE,lodging,Responsive
L025,4.15717096,0.516637154,0.186153703,0.110600975,0.667432751,TRUE,lodging,Stable
L026,2.604195773,2.160747038,0.040676915,0.908713907,0.046735133,TRUE,lodging,Responsive
L027,2.857540083,0.789143598,0.024827777,0.685077965,0.172305633,TRUE,lodging,Stable
L028,3.975775915,0.993305603,0.042920147,0.665969022,0.183930749,TRUE,lodging,Average
L029,3.026143204,0.939460409,0.287004016,0.210550417,0.54114227,TRUE,lodging,Average
L030,2.87036067,-0.734893207,0.122470245,0.276649265,0.474025414,TRUE,lodging,Stable
L031,2.774128186,0.289920062,0.12328058,0.055830868,0.763714435,TRUE,lodging,Stable
L032,3.846867705,1.054125896,0.017416323,0.846940084,0.079706523,TRUE,lodging,Average
L033,3.709973153,0.863567575,0.011706998,0.846736588,0.07981709,TRUE,lodging,Average
L034,3.993696375,2.106942304,0.228246262,0.62781043,0.207655107,TRUE,lodging,Responsive
L035,2.281074851,1.70944239,0.001824056,0.992854182,0.003579315,TRUE,lodging,Responsive
L036,3.801205857,-0.693140718,0.017342241,0.7061161,0.159692854,TRUE,lodging,Stable
L037,3.62120441,0.936452285,0.020317087,0.789183184,0.111640172,TRUE,lodging,Average
L038,4.238680021,0.664498779,0.043712007,0.466977462,0.316642508,TRUE,lodging,Stable
L039,2.385850894,-0.058155441,0.136866216,0.00213854,0.953755647,TRUE,lodging,Stable
L040,2.8907635,1.472972215,0.128994495,0.59328915,0.229747347,TRUE,lodging,Responsive
L041,2.2472911,1.560549969,0.06928413,0.752994125,0.132247659,TRUE,lodging,Responsive
L042,3.252162506,1.183901225,0.019263362,0.863209852,0.070909126,TRUE,lodging,Average
L043,2.895327867,1.560469471,0.081789262,0.720835965,0.150979409,TRUE,lodging,Responsive
L044,2.855326721,1.029429379,0.195127728,0.320198334,0.434139298,TRUE,lodging,Average
L045,2.982656497,1.979799683,0.103364546,0.766832961,0.124310009,TRUE,lodging,Responsive
L046,3.037302173,1.474654165,0.013432913,0.933511464,0.03381603,TRUE,lodging,Responsive
L047,3.849953722,1.226497944,0.151761745,0.462271493,0.320094497,TRUE,lodging,Responsive
L048,3.003054203,2.285305121,0.03725334,0.924004447,0.038748499,TRUE,lodging,Responsive
L049,2.162439054,-0.261123544,0.017368432,0.253999689,0.496016182,TRUE,lodging,Stable
L050,2.163245161,1.445685725,0.16541771,0.522853625,0.276913819,TRUE,lodging,Responsive
L051,3.120619768,2.939004675,0.025862904,0.966628656,0.01682725,TRUE,lodging,Responsive
L052,3.173423004,0.60173953,0.06207467,0.335945643,0.420391819,TRUE,lodging,Stable
L053,3.788144302,1.616256877,0.233828124,0.492106669,0.29849685,TRUE,lodging,Responsive
L054,2.326646175,0.059916401,0.027497348,0.011196272,0.894187562,TRUE,lodging,Stable
L055,3.96154667,0.685340792,0.308006434,0.116807674,0.658228623,TRUE,lodging,Stable
L056,3.730784458,-0.117865222,0.058755283,0.020094234,0.858245867,TRUE,lodging,Stable
L057,2.732331146,0.537346795,0.083250193,0.23124598,0.519119578,TRUE,lodging,Stable
L058,3.265906887,-3.253915259,0.890102269,0.507790905,0.287405512,TRUE,lodging,Stable
L059,3.558088041,-0.867315438,0.011128497,0.854279796,0.075727424,TRUE,lodging,Stable
L060,2.623981556,0.591295679,0.00031116,0.989842718,0.005091603,TRUE,lodging,Stable
L061,2.613735364,1.236007735,0.022713805,0.853658078,0.076063813,TRUE,lodging,Responsive
L062,3.044459247,2.075141285,0.00423063,0.988799047,0.005616248,TRUE,lodging,Responsive
L063,2.732418662,1.136343641,0.003022989,0.973716276,0.01322937,TRUE,lodging,Average
L064,3.081250988,-0.403454296,0.034938108,0.28778263,0.463546246,TRUE,lodging,Stable
L065,2.556314909,2.131142619,0.067039209,0.854560047,0.07557583,TRUE,lodging,Responsive
L066,2.727579742,0.131116944,0.116135843,0.012675756,0.88741334,TRUE,lodging,Stable
L067,3.384806559,-0.748246014,0.025023722,0.659914538,0.187648759,TRUE,lodging,Stable
L068,1.776446455,0.084774826,0.391623396,0.001589049,0.960137125,TRUE,lodging,Stable
L069,2.2694984,0.737094326,0.02784003,0.628603591,0.20715475,TRUE,lodging,Stable
L070,1.998033888,0.018610886,0.111963579,0.000268228,0.983622343,TRUE,lodging,Stable
L071,2.936402456,-2.032971938,0.543046619,0.397614866,0.369432901,TRUE,lodging,Stable
L072,3.853532559,0.897641841,0.308996803,0.184445441,0.570528883,TRUE,lodging,Average
L073,3.980713547,1.696134932,0.072734427,0.774286233,0.120064643,TRUE,lodging,Responsive
L074,3.910782046,-0.491095338,0.02256525,0.481043955,0.306426677,TRUE,lodging,Stable
L075,4.111458953,0.867319218,0.157658156,0.292692919,0.458988984,TRUE,lodging,Average
L076,3.369289447,1.435962236,0.443946469,0.287153525,0.464132922,TRUE,lodging,Responsive
L077,2.239746172,2.007105722,0.025091601,0.932995395,0.034083133,TRUE,lodging,Responsive
L078,3.871681407,2.071367908,0.167472091,0.689629187,0.169560847,TRUE,lodging,Responsive
L079,3.845520728,1.374213076,0.259265582,0.387150506,0.377785803,TRUE,lodging,Responsive
L080,3.714219795,1.110106344,0.425787076,0.200648975,0.552061416,TRUE,lodging,Average
L081,4.064153073,1.738007412,0.040329112,0.866595862,0.069088693,TRUE,lodging,Responsive
L082,4.081899111,0.494427674,0.28890785,0.068368064,0.738527126,TRUE,lodging,Stable
L083,2.918048865,0.339599356,0.420931025,0.023210603,0.847649735,TRUE,lodging,Stable
L084,2.398111561,2.245847319,0.414239689,0.513623017,0.283325027,TRUE,lodging,Responsive
L085,3.061608703,0.459606212,0.180056893,0.092351207,0.696106586,TRUE,lodging,Stable
L086,3.96631657,0.675464919,0.170173271,0.188660008,0.565649902,TRUE,lodging,Stable
L087,3.044519206,1.185886401,0.00535711,0.957926018,0.02126305,TRUE,lodging,Average
L088,3.133457272,-0.137234028,0.116479126,0.01382899,0.882403273,TRUE,lodging,Stable
L089,2.943260849,0.431732097,0.001816163,0.898999639,0.051844085,TRUE,lodging,Stable
L090,3.568722916,1.396300505,0.144756441,0.538768141,0.26599173,TRUE,lodging,Responsive
L091,2.75800832,0.957211946,0.000773445,0.990360731,0.004831305,TRUE,lodging,Average
L092,3.560334544,1.104971123,0.02976918,0.780562843,0.116505324,TRUE,lodging,Average
L093,1.991409111,1.626083972,0.266432514,0.462573362,0.31987254,TRUE,lodging,Responsive
L094,2.599245937,1.529863942,0.223340462,0.476129371,0.309978717,TRUE,lodging,Responsive
L095,3.101870107,1.563165623,0.036126393,0.854356524,0.075685917,TRUE,lodging,Responsive
L096,3.554951649,2.110989221,0.137749997,0.737237105,0.141374875,TRUE,lodging,Responsive
L097,2.168972033,2.032017251,0.014041542,0.962269377,0.0190467,TRUE,lodging,Responsive
L098,3.12989295,2.103332991,0.053691348,0.877243206,0.063387377,TRUE,lodging,Responsive
L099,3.563428933,1.67629478,0.205108819,0.54299745,0.263116393,TRUE,lodging,Responsive
L100,3.483638253,2.265070462,0.246687645,0.64333609,0.197917654,TRUE,lodging,Responsive
CL1,1052.763167,1.048378712,6990.932242,0.983505354,0.008281616,TRUE,YLD,Average
CL2,769.6481203,1.121678515,1918.987183,0.995994472,0.002004774,TRUE,YLD,Average
CL3,1028.456437,1.087731029,1573.065532,0.996506574,0.001748241,TRUE,YLD,Average
Extra,1083.631662,1.116552942,824.5855269,0.998259044,0.000870857,TRUE,YLD,Average
L001,882.0174002,0.94516829,589.0584862,0.998264385,0.000868184,TRUE,YLD,Average
L002,965.9866957,0.797853346,5429.459798,0.97800524,0.011058525,TRUE,YLD,Stable
L003,1186.876527,1.034559701,189.6516503,0.999533007,0.000233524,TRUE,YLD,Average
L004,1046.734275,0.702927801,17212.57464,0.915874452,0.042986702,TRUE,YLD,Stable
L005,1025.988051,1.127277326,2488.105553,0.994863841,0.002571386,TRUE,YLD,Average
L006,1193.265958,1.116755935,1130.658413,0.997615235,0.001193094,TRUE,YLD,Average
L007,1148.684075,1.162253157,28.91455975,0.999943564,2.82185244526622e-05,TRUE,YLD,Average
L008,1001.421188,0.987031382,2301.719617,0.993808997,0.003100307,TRUE,YLD,Average
L009,819.3547856,0.721889659,2682.263215,0.986610236,0.006717444,TRUE,YLD,Stable
L010,725.8673583,0.865844828,1298.966303,0.995452154,0.002276514,TRUE,YLD,Average
L011,1039.290905,1.066977938,2078.377682,0.995209337,0.002398207,TRUE,YLD,Average
L012,931.0519181,1.045002124,26201.49899,0.940499847,0.030206287,TRUE,YLD,Average
L013,1245.873281,1.164197003,180.4583338,0.999649055,0.000175488,TRUE,YLD,Average
L014,1051.584634,0.925861328,245.5923517,0.999245147,0.000377498,TRUE,YLD,Average
L015,931.5309913,0.823200176,6062.237967,0.976955649,0.011589332,TRUE,YLD,Average
L016,1000.407828,1.136332721,537.8997919,0.998902812,0.000548745,TRUE,YLD,Average
L017,1128.302775,1.114442805,1700.082141,0.996403689,0.001799775,TRUE,YLD,Average
L018,1051.810851,1.074101629,19569.28365,0.95718956,0.021639351,TRUE,YLD,Average
L019,929.5831409,1.338168626,2488.228522,0.996349538,0.0018269,TRUE,YLD,Responsive
L020,976.1414339,1.177803873,8243.338611,0.984573308,0.007743325,TRUE,YLD,Average
L021,1087.76452,1.178808422,3204.661109,0.993955918,0.003026621,TRUE,YLD,Average
L022,959.3289008,1.153985235,3400.237918,0.993312523,0.003349347,TRUE,YLD,Average
L023,897.2430768,1.034898007,1833.415232,0.995506576,0.002249242,TRUE,YLD,Average
L024,889.8512864,1.136873024,4025.170269,0.991855279,0.004080686,TRUE,YLD,Average
L025,928.3107737,0.894828045,8386.345167,0.973126127,0.013528446,TRUE,YLD,Average
L026,1046.053899,1.200965783,2439.412393,0.995560244,0.002222347,TRUE,YLD,Responsive
L027,957.7444268,0.98054896,3812.67146,0.989652366,0.005187271,TRUE,YLD,Average
L028,882.0411688,0.925876543,40.0226739,0.999876912,6.1545656860232e-05,TRUE,YLD,Average
L029,970.1288909,0.847907904,1175.720817,0.995706556,0.002149031,TRUE,YLD,Average
L030,875.7430143,1.005005994,23752.29618,0.941613994,0.029632031,TRUE,YLD,Average
L031,1015.457799,1.007516391,11999.18386,0.96977367,0.015229128,TRUE,YLD,Average
L032,818.0698244,0.697136117,10344.34257,0.946860056,0.026932656,TRUE,YLD,Stable
L033,870.5605581,1.189951965,907.768156,0.998312475,0.000844119,TRUE,YLD,Average
L034,660.8887891,0.801085465,16787.91938,0.935473484,0.032801218,TRUE,YLD,Average
L035,1095.896276,1.088146895,1907.646442,0.995769912,0.002117285,TRUE,YLD,Average
L036,861.1462693,0.806337664,9467.709984,0.963024344,0.018661962,TRUE,YLD,Average
L037,935.6001002,0.946708083,11133.98665,0.968283262,0.015986147,TRUE,YLD,Average
L038,807.8341164,1.065333048,2743.959136,0.993665467,0.003172298,TRUE,YLD,Average
L039,945.4575894,0.708400935,20.1830364,0.999893965,5.30189693073474e-05,TRUE,YLD,Stable
L040,1034.087786,1.078296676,3751.984435,0.991563302,0.004227284,TRUE,YLD,Average
L041,1000.241959,1.08376135,3941.503106,0.99122926,0.004395028,TRUE,YLD,Average
L042,1029.679641,1.165754379,1704.761362,0.996703273,0.001649724,TRUE,YLD,Average
L043,1098.895628,1.060745518,1774.736529,0.995858319,0.002072989,TRUE,YLD,Average
L044,890.0115836,1.036485094,646.1622336,0.998416585,0.000792021,TRUE,YLD,Average
L045,985.4713271,0.987399726,1770.246213,0.995235241,0.002385224,TRUE,YLD,Average
L046,1083.783779,1.015595044,6682.371507,0.983204198,0.008433463,TRUE,YLD,Average
L047,947.9476121,0.863635463,2248.648876,0.992113404,0.003951104,TRUE,YLD,Average
L048,1083.352057,0.961225341,2695.575906,0.992366202,0.003824211,TRUE,YLD,Average
L049,1053.303981,1.172539745,1656.15361,0.996833819,0.001584346,TRUE,YLD,Average
L050,1105.97924,0.996840973,692.5234021,0.998165774,0.000917534,TRUE,YLD,Average
L051,990.2280475,1.179795057,9445.185296,0.982422258,0.008827837,TRUE,YLD,Average
L052,1040.180963,0.804041836,11703.11145,0.95444235,0.023044346,TRUE,YLD,Average
L053,892.8703934,1.039258118,2663.762382,0.99353898,0.003235745,TRUE,YLD,Average
L054,897.2782645,0.961030591,5815.051303,0.983669633,0.008198794,TRUE,YLD,Average
L055,800.3331458,0.893183528,1530.406187,0.994967293,0.002519528,TRUE,YLD,Average
L056,748.7643228,0.87903473,1743.154664,0.994086893,0.002960937,TRUE,YLD,Average
L057,932.6450069,1.185330905,8271.839629,0.984713767,0.00767255,TRUE,YLD,Average
L058,589.1952565,0.880052179,12145.46202,0.960292873,0.020054658,TRUE,YLD,Average
L059,816.3712902,0.994087881,3567.639778,0.990570592,0.004725871,TRUE,YLD,Average
L060,944.9457444,1.167128346,3896.837404,0.992513496,0.003750284,TRUE,YLD,Average
L061,1027.251277,1.187589038,8392.785644,0.984551729,0.007754199,TRUE,YLD,Average
L062,996.0905758,1.124857493,910.639828,0.998105931,0.000947483,TRUE,YLD,Average
L063,946.933223,1.105530088,3441.02657,0.992631106,0.00369126,TRUE,YLD,Average
L064,845.5323378,0.873676191,8450.877036,0.971635717,0.01428416,TRUE,YLD,Average
L065,1101.748677,1.163738611,1458.229079,0.997168926,0.00141654,TRUE,YLD,Average
L066,846.2133024,1.081616262,7600.28222,0.983158743,0.008456384,TRUE,YLD,Average
L067,766.5683318,0.96991081,5362.873146,0.985191128,0.007432054,TRUE,YLD,Average
L068,998.1909526,1.021841607,365.8709078,0.999076946,0.000461634,TRUE,YLD,Average
L069,950.4189038,1.01035816,362.1294536,0.99906551,0.000467354,TRUE,YLD,Average
L070,951.9486541,1.204284552,321.3648591,0.999416079,0.000292003,TRUE,YLD,Responsive
L071,668.5084984,0.926555084,2961.510345,0.990986241,0.004517082,TRUE,YLD,Average
L072,788.1288013,1.008764414,1598.921105,0.995874092,0.002065086,TRUE,YLD,Average
L073,662.2481683,0.838791006,56.51072234,0.999788262,0.000105875,TRUE,YLD,Average
L074,672.7211928,0.685698181,4478.517458,0.975500163,0.012325882,TRUE,YLD,Stable
L075,680.2282244,1.00508835,7656.810899,0.980406448,0.00984524,TRUE,YLD,Average
L076,877.3792413,1.047092721,1403.550096,0.996635955,0.001683439,TRUE,YLD,Average
L077,1082.700661,0.9812542,2359.696343,0.993579582,0.003215378,TRUE,YLD,Average
L078,783.951493,1.184215633,3456.38015,0.993543246,0.003233605,TRUE,YLD,Average
L079,694.9555288,0.701112642,1375.133578,0.99267774,0.003667857,TRUE,YLD,Stable
L080,851.7066618,1.096853964,13.50966302,0.999970393,1.48038550065891e-05,TRUE,YLD,Average
L081,767.2885018,1.05101815,1368.882363,0.996743159,0.001629748,TRUE,YLD,Average
L082,737.5453459,0.72793083,553.7303288,0.997252165,0.001374863,TRUE,YLD,Stable
L083,971.1023051,1.002365294,4210.544367,0.98907098,0.005479523,TRUE,YLD,Average
L084,944.7315578,0.853862582,19669.05887,0.933590301,0.033775233,TRUE,YLD,Average
L085,1032.402402,0.974446883,41931.89887,0.895705589,0.053582762,TRUE,YLD,Average
L086,689.7900986,0.7587319,2738.632499,0.987611724,0.006213441,TRUE,YLD,Stable
L087,998.7114236,0.735978473,1313.180627,0.993648234,0.003180942,TRUE,YLD,Stable
L088,764.9728461,0.934082884,89.30379959,0.999730195,0.000134911,TRUE,YLD,Average
L089,750.9127056,0.729208302,6855.667072,0.967122736,0.016576014,TRUE,YLD,Stable
L090,808.4293403,0.892293538,1704.854484,0.994385717,0.002811092,TRUE,YLD,Average
L091,1052.373106,1.118362336,9067.460903,0.981242941,0.009422925,TRUE,YLD,Average
L092,852.7631465,0.957474402,475.7770881,0.998633458,0.000683504,TRUE,YLD,Average
L093,1053.58214,1.005363213,202.2443838,0.999472686,0.000263692,TRUE,YLD,Average
L094,1051.213328,1.029583987,1261.489118,0.996871999,0.001565226,TRUE,YLD,Average
L095,963.3109932,1.14775265,2455.27355,0.995109629,0.002448182,TRUE,YLD,Average
L096,770.5168633,0.963390711,2960.863823,0.991658518,0.004179475,TRUE,YLD,Average
L097,1077.118801,1.133833015,926.3260456,0.998103692,0.000948604,TRUE,YLD,Average
L098,1168.833813,1.134801994,161.549416,0.999669334,0.000165347,TRUE,YLD,Average
L099,762.8363676,0.887862719,3854.883388,0.987270153,0.006385309,TRUE,YLD,Average
L100,805.7778186,0.965299327,18.4676926,0.999947744,2.61281810716353e-05,TRUE,YLD,Average
CL1,24.58020242,1.069219497,0.307709258,0.740755229,0.139328618,TRUE,PRT,Average
CL2,24.75968702,1.408342009,0.047907057,0.969550368,0.015342512,TRUE,PRT,Responsive
CL3,25.1420372,0.368991734,0.599422947,0.148712569,0.614367313,TRUE,PRT,Stable
Extra,24.67565856,0.946767476,0.466982628,0.596162206,0.22788459,TRUE,PRT,Average
L001,25.42816456,1.327670708,0.078179376,0.945475678,0.027644264,TRUE,PRT,Responsive
L002,23.75519201,1.263206674,0.014280167,0.988497598,0.005767835,TRUE,PRT,Responsive
L003,25.18959491,0.896779894,0.053834603,0.919929457,0.040870469,TRUE,PRT,Average
L004,23.21697491,1.813227301,1.811458464,0.582616589,0.236706748,TRUE,PRT,Responsive
L005,24.37481049,0.439310746,0.197632386,0.428907444,0.345089744,TRUE,PRT,Stable
L006,25.0888962,0.566474769,0.523141052,0.320537766,0.433839452,TRUE,PRT,Stable
L007,23.84929,0.963019578,0.210293897,0.772296802,0.121195811,TRUE,PRT,Average
L008,23.70528909,0.825026158,0.168886312,0.756076683,0.130473299,TRUE,PRT,Average
L009,26.99731287,0.358222878,0.015605704,0.863463391,0.070772692,TRUE,PRT,Stable
L010,26.24678843,0.432954481,0.343960666,0.295342199,0.456546047,TRUE,PRT,Stable
L011,25.27191104,1.397346259,0.112189473,0.930484502,0.035383754,TRUE,PRT,Responsive
L012,24.06025876,1.56070158,0.065673503,0.966130055,0.01708085,TRUE,PRT,Responsive
L013,22.94604296,0.815012518,0.102912254,0.832327695,0.087680048,TRUE,PRT,Average
L014,24.23085658,1.024605092,0.058056877,0.932917053,0.034123687,TRUE,PRT,Average
L015,24.94270462,0.904319782,0.098544363,0.864542642,0.070192148,TRUE,PRT,Average
L016,24.29604937,0.88565732,0.002531852,0.995820576,0.0020919,TRUE,PRT,Average
L017,24.86883054,0.517706034,0.065617356,0.758534086,0.129061376,TRUE,PRT,Stable
L018,24.21415014,1.061087915,0.331441705,0.723188382,0.149595166,TRUE,PRT,Average
L019,25.45913628,1.518961471,0.093205876,0.950094868,0.0252719,TRUE,PRT,Responsive
L020,24.17926594,1.741051463,0.062143169,0.974035881,0.013067438,TRUE,PRT,Responsive
L021,25.00450871,0.744315223,0.067528179,0.863193195,0.07091809,TRUE,PRT,Stable
L022,23.80147094,0.602231904,0.028727963,0.906624446,0.047831713,TRUE,PRT,Stable
L023,23.23866368,1.305155334,0.024507989,0.981636211,0.00922444,TRUE,PRT,Responsive
L024,23.21858144,1.380518601,0.0273479,0.981683628,0.009200511,TRUE,PRT,Responsive
L025,23.67317471,1.309359174,0.203022719,0.86656849,0.069103394,TRUE,PRT,Responsive
L026,24.57179582,0.654016282,0.17162281,0.657156898,0.189347856,TRUE,PRT,Stable
L027,25.45488646,1.666588956,0.059193131,0.973036764,0.013573741,TRUE,PRT,Responsive
L028,25.05520548,1.702773881,0.139771163,0.941016656,0.02993987,TRUE,PRT,Responsive
L029,24.00293763,1.347609171,0.057205019,0.960653905,0.019870465,TRUE,PRT,Responsive
L030,23.93284103,1.985295954,0.017152309,0.994373349,0.002817294,TRUE,PRT,Responsive
L031,25.36918478,0.911516627,0.471384911,0.57547605,0.241398623,TRUE,PRT,Average
L032,22.41889873,1.070557514,0.006379912,0.992813938,0.003599509,TRUE,PRT,Average
L033,23.53060574,1.875226689,0.173604638,0.939679885,0.030629129,TRUE,PRT,Responsive
L034,24.06434543,1.096773935,0.0628044,0.936428987,0.03230739,TRUE,PRT,Average
L035,24.32183875,1.087527165,0.079936368,0.919218589,0.041241121,TRUE,PRT,Average
L036,24.0100064,0.936084903,0.085957655,0.886878152,0.058257916,TRUE,PRT,Average
L037,25.11517173,1.168181017,0.007511799,0.992893516,0.003559577,TRUE,PRT,Average
L038,24.26688421,1.137264807,0.010104955,0.989943427,0.005040992,TRUE,PRT,Average
L039,26.6545248,0.447411372,0.053768613,0.741149472,0.139099615,TRUE,PRT,Stable
L040,24.95311222,1.194176312,0.057475761,0.950204144,0.025215847,TRUE,PRT,Average
L041,24.93791397,0.817218432,0.048730696,0.91334573,0.044308768,TRUE,PRT,Average
L042,23.34293239,1.497905603,0.016096658,0.990758065,0.004631694,TRUE,PRT,Responsive
L043,24.32342414,1.016985518,0.021443282,0.973749509,0.013212531,TRUE,PRT,Average
L044,25.43086502,1.214817089,0.009475183,0.991720888,0.00414816,TRUE,PRT,Responsive
L045,25.18421195,1.106023012,0.000359688,0.999617827,0.000191105,TRUE,PRT,Average
L046,25.09510201,0.938603424,0.021885279,0.968709687,0.015769495,TRUE,PRT,Average
L047,23.89543734,0.808104442,0.094815968,0.841192705,0.082834418,TRUE,PRT,Average
L048,23.29930607,0.430620034,0.148447446,0.489977773,0.300015877,TRUE,PRT,Stable
L049,24.69960407,1.378665779,0.026138115,0.982433395,0.008822218,TRUE,PRT,Responsive
L050,26.36256995,0.302128873,0.163109908,0.300896502,0.451459662,TRUE,PRT,Stable
L051,25.37307192,0.194191178,0.074875118,0.279196468,0.471609549,TRUE,PRT,Stable
L052,24.10176113,0.999032732,0.438437048,0.636462569,0.202213958,TRUE,PRT,Average
L053,23.48744561,1.159692233,0.101155054,0.910914287,0.045581702,TRUE,PRT,Average
L054,25.22904305,1.056263252,0.014180815,0.983742022,0.008162301,TRUE,PRT,Average
L055,24.09199543,1.614347536,0.037967432,0.981409298,0.009338959,TRUE,PRT,Responsive
L056,24.93271779,1.068787517,0.00499749,0.994343678,0.002832172,TRUE,PRT,Average
L057,24.19512307,1.233709339,0.00627291,0.994669712,0.002668705,TRUE,PRT,Responsive
L058,24.86802438,0.95680158,0.014902622,0.979272313,0.010418112,TRUE,PRT,Average
L059,23.37685325,1.024643595,0.057857567,0.933136639,0.034010021,TRUE,PRT,Average
L060,25.7911653,0.562536209,0.042079005,0.852588194,0.076642976,TRUE,PRT,Stable
L061,24.38538917,1.512697733,0.015585591,0.991221544,0.004398903,TRUE,PRT,Responsive
L062,25.24469444,0.416832814,0.005374966,0.961331826,0.019524694,TRUE,PRT,Stable
L063,25.16640889,0.928694149,0.04283019,0.939346108,0.030801306,TRUE,PRT,Average
L064,26.68286991,0.190763045,0.073906373,0.274671173,0.475909194,TRUE,PRT,Stable
L065,24.33382777,0.834289723,0.011040271,0.979792686,0.010155221,TRUE,PRT,Average
L066,24.33969798,0.940663128,0.011697244,0.983101731,0.008485133,TRUE,PRT,Average
L067,24.85889157,0.377200459,0.039997933,0.732317044,0.144244753,TRUE,PRT,Stable
L068,24.77129795,0.847034927,0.120967769,0.820191318,0.094355855,TRUE,PRT,Average
L069,25.53490699,0.635437013,0.083509467,0.788073265,0.112265093,TRUE,PRT,Stable
L070,24.88731952,0.643166259,0.121985706,0.722838838,0.149800707,TRUE,PRT,Stable
L071,24.86360294,1.002129465,0.001661502,0.997853413,0.00107387,TRUE,PRT,Average
L072,26.32930578,1.265497167,0.064686359,0.950101356,0.025268572,TRUE,PRT,Responsive
L073,26.09993817,0.590019054,0.953762032,0.219185357,0.531827642,TRUE,PRT,Stable
L074,25.55141486,1.079859943,0.056197201,0.941032476,0.029931716,TRUE,PRT,Average
L075,24.5137802,1.717788321,0.083384723,0.964559119,0.017880293,TRUE,PRT,Responsive
L076,24.31654038,0.950732383,0.385501809,0.643274244,0.197956208,TRUE,PRT,Average
L077,24.48561622,0.836593877,0.004769789,0.991216516,0.004401428,TRUE,PRT,Average
L078,24.81588816,1.081538045,0.277856695,0.764021972,0.125916496,TRUE,PRT,Average
L079,24.69422755,0.979922734,0.054170517,0.931661431,0.034773897,TRUE,PRT,Average
L080,24.26046595,0.86879459,0.498250885,0.538124409,0.266430365,TRUE,PRT,Average
L081,24.73371608,0.84895079,0.207772405,0.727354917,0.147148948,TRUE,PRT,Average
L082,24.92580171,1.325651252,0.050637351,0.963886726,0.01822267,TRUE,PRT,Responsive
L083,24.85375441,0.83295986,0.078710255,0.871454638,0.066482653,TRUE,PRT,Average
L084,24.11600386,1.21082013,1.806462555,0.384300335,0.380080381,TRUE,PRT,Responsive
L085,24.40789884,1.293936627,0.067985562,0.949849646,0.025397698,TRUE,PRT,Responsive
L086,23.55077851,1.219294677,0.096714916,0.92200979,0.039786591,TRUE,PRT,Responsive
L087,24.61414842,0.610211141,0.006067489,0.979252214,0.010428267,TRUE,PRT,Stable
L088,25.54441818,0.74554406,0.135735318,0.759000242,0.128793801,TRUE,PRT,Stable
L089,23.61697618,1.13036436,0.527390658,0.65074909,0.193309793,TRUE,PRT,Average
L090,24.41038043,1.892694203,0.071707775,0.97463267,0.012765139,TRUE,PRT,Responsive
L091,24.34304824,1.115415148,0.022324012,0.977201219,0.011465115,TRUE,PRT,Average
L092,24.53477983,0.855072892,0.138737112,0.802100895,0.104399143,TRUE,PRT,Average
L093,25.02892214,0.4828885,0.017863986,0.909411409,0.046369354,TRUE,PRT,Stable
L094,24.87461478,0.623605553,0.030794343,0.906649064,0.047818786,TRUE,PRT,Stable
L095,24.16371775,0.975534466,0.044320914,0.942902298,0.028968436,TRUE,PRT,Average
L096,25.44108049,1.375164123,0.163714939,0.898822983,0.051937247,TRUE,PRT,Responsive
L097,24.8066577,0.606440928,0.030252161,0.90337773,0.049538149,TRUE,PRT,Stable
L098,23.37228061,0.53576836,0.030656957,0.87806459,0.062948993,TRUE,PRT,Stable
L099,23.05025442,0.572008554,0.104712435,0.706153375,0.159670674,TRUE,PRT,Stable
L100,23.98985904,0.93869401,0.098367048,0.873244742,0.065524349,TRUE,PRT,Average
CL1,NA,NA,NA,NA,NA,FALSE,DS,Unreliable
CL2,NA,NA,NA,NA,NA,FALSE,DS,Unreliable
CL3,NA,NA,NA,NA,NA,FALSE,DS,Unreliable
Extra,NA,NA,NA,NA,NA,FALSE,DS,Unreliable
L001,NA,NA,NA,NA,NA,FALSE,DS,Unreliable
L002,NA,NA,NA,NA,NA,FALSE,DS,Unreliable
L003,NA,NA,NA,NA,NA,FALSE,DS,Unreliable
L004,NA,NA,NA,NA,NA,FALSE,DS,Unreliable
L005,NA,NA,NA,NA,NA,FALSE,DS,Unreliable
L006,NA,NA,NA,NA,NA,FALSE,DS,Unreliable
L007,NA,NA,NA,NA,NA,FALSE,DS,Unreliable
L008,NA,NA,NA,NA,NA,FALSE,DS,Unreliable
L009,NA,NA,NA,NA,NA,FALSE,DS,Unreliable
L010,NA,NA,NA,NA,NA,FALSE,DS,Unreliable
L011,NA,NA,NA,NA,NA,FALSE,DS,Unreliable
L012,NA,NA,NA,NA,NA,FALSE,DS,Unreliable
L013,NA,NA,NA,NA,NA,FALSE,DS,Unreliable
L014,NA,NA,NA,NA,NA,FALSE,DS,Unreliable
L015,NA,NA,NA,NA,NA,FALSE,DS,Unreliable
L016,NA,NA,NA,NA,NA,FALSE,DS,Unreliable
L017,NA,NA,NA,NA,NA,FALSE,DS,Unreliable
L018,NA,NA,NA,NA,NA,FALSE,DS,Unreliable
L019,NA,NA,NA,NA,NA,FALSE,DS,Unreliable
L020,NA,NA,NA,NA,NA,FALSE,DS,Unreliable
L021,NA,NA,NA,NA,NA,FALSE,DS,Unreliable
L022,NA,NA,NA,NA,NA,FALSE,DS,Unreliable
L023,NA,NA,NA,NA,NA,FALSE,DS,Unreliable
L024,NA,NA,NA,NA,NA,FALSE,DS,Unreliable
L025,NA,NA,NA,NA,NA,FALSE,DS,Unreliable
L026,NA,NA,NA,NA,NA,FALSE,DS,Unreliable
L027,NA,NA,NA,NA,NA,FALSE,DS,Unreliable
L028,1.731780946,0.90530528,0.039113444,0.854517824,0.075598667,TRUE,DS,Average
L029,NA,NA,NA,NA,NA,FALSE,DS,Unreliable
L030,1.614737783,0.935408576,0.019386818,0.9267482,0.03732238,TRUE,DS,Average
L031,NA,NA,NA,NA,NA,FALSE,DS,Unreliable
L032,NA,NA,NA,NA,NA,FALSE,DS,Unreliable
L033,NA,NA,NA,NA,NA,FALSE,DS,Unreliable
L034,NA,NA,NA,NA,NA,FALSE,DS,Unreliable
L035,NA,NA,NA,NA,NA,FALSE,DS,Unreliable
L036,NA,NA,NA,NA,NA,FALSE,DS,Unreliable
L037,NA,NA,NA,NA,NA,FALSE,DS,Unreliable
L038,NA,NA,NA,NA,NA,FALSE,DS,Unreliable
L039,NA,NA,NA,NA,NA,FALSE,DS,Unreliable
L040,NA,NA,NA,NA,NA,FALSE,DS,Unreliable
L041,NA,NA,NA,NA,NA,FALSE,DS,Unreliable
L042,NA,NA,NA,NA,NA,FALSE,DS,Unreliable
L043,NA,NA,NA,NA,NA,FALSE,DS,Unreliable
L044,NA,NA,NA,NA,NA,FALSE,DS,Unreliable
L045,NA,NA,NA,NA,NA,FALSE,DS,Unreliable
L046,NA,NA,NA,NA,NA,FALSE,DS,Unreliable
L047,NA,NA,NA,NA,NA,FALSE,DS,Unreliable
L048,NA,NA,NA,NA,NA,FALSE,DS,Unreliable
L049,NA,NA,NA,NA,NA,FALSE,DS,Unreliable
L050,NA,NA,NA,NA,NA,FALSE,DS,Unreliable
L051,NA,NA,NA,NA,NA,FALSE,DS,Unreliable
L052,NA,NA,NA,NA,NA,FALSE,DS,Unreliable
L053,NA,NA,NA,NA,NA,FALSE,DS,Unreliable
L054,NA,NA,NA,NA,NA,FALSE,DS,Unreliable
L055,NA,NA,NA,NA,NA,FALSE,DS,Unreliable
L056,NA,NA,NA,NA,NA,FALSE,DS,Unreliable
L057,NA,NA,NA,NA,NA,FALSE,DS,Unreliable
L058,NA,NA,NA,NA,NA,FALSE,DS,Unreliable
L059,NA,NA,NA,NA,NA,FALSE,DS,Unreliable
L060,NA,NA,NA,NA,NA,FALSE,DS,Unreliable
L061,NA,NA,NA,NA,NA,FALSE,DS,Unreliable
L062,NA,NA,NA,NA,NA,FALSE,DS,Unreliable
L063,NA,NA,NA,NA,NA,FALSE,DS,Unreliable
L064,NA,NA,NA,NA,NA,FALSE,DS,Unreliable
L065,NA,NA,NA,NA,NA,FALSE,DS,Unreliable
L066,NA,NA,NA,NA,NA,FALSE,DS,Unreliable
L067,NA,NA,NA,NA,NA,FALSE,DS,Unreliable
L068,NA,NA,NA,NA,NA,FALSE,DS,Unreliable
L069,NA,NA,NA,NA,NA,FALSE,DS,Unreliable
L070,NA,NA,NA,NA,NA,FALSE,DS,Unreliable
L071,NA,NA,NA,NA,NA,FALSE,DS,Unreliable
L072,NA,NA,NA,NA,NA,FALSE,DS,Unreliable
L073,1.857835411,1.496277646,0.117962838,0.841776698,0.082516105,TRUE,DS,Responsive
L074,1.767524093,1.08226871,0.023801754,0.932407686,0.034387404,TRUE,DS,Average
L075,1.719907353,1.180687619,0.024945866,0.939992482,0.030467905,TRUE,DS,Average
L076,1.426881606,0.344332362,0.036896816,0.473897518,0.311597851,TRUE,DS,Stable
L077,1.461117612,1.109483777,0.020753345,0.943267271,0.028780524,TRUE,DS,Average
L078,1.839918426,1.381930556,0.024965344,0.955442347,0.022532687,TRUE,DS,Responsive
L079,1.698740908,1.031711428,0.037004852,0.889663168,0.056780424,TRUE,DS,Average
L080,1.616612684,1.004002016,0.008741416,0.969992239,0.01511816,TRUE,DS,Average
L081,1.913942641,2.51715091,0.069535232,0.962324364,0.019018673,TRUE,DS,Responsive
L082,1.868773335,0.867598688,0.120537753,0.636429665,0.202234581,TRUE,DS,Average
L083,1.586751463,1.128011053,0.014305849,0.961437882,0.019470611,TRUE,DS,Average
L084,1.536978703,0.856031516,0.003009962,0.985558356,0.007247082,TRUE,DS,Average
L085,1.756230157,1.136674345,0.02247554,0.941569056,0.029655187,TRUE,DS,Average
L086,1.130465697,-0.107516566,0.00259101,0.555680003,0.25456053,TRUE,DS,Stable
L087,1.583872368,0.719664234,0.022126171,0.867750507,0.06846873,TRUE,DS,Stable
L088,1.789350596,1.177798114,0.122736725,0.760089077,0.128169124,TRUE,DS,Average
L089,1.13093457,-0.045096035,0.000967851,0.370673546,0.391170347,TRUE,DS,Stable
L090,1.719524133,1.399823457,0.009109054,0.983686906,0.008190086,TRUE,DS,Responsive
L091,1.602897119,1.386842764,0.022737381,0.959533214,0.020442338,TRUE,DS,Responsive
L092,1.898514862,1.827857792,0.191900641,0.829943624,0.088987583,TRUE,DS,Responsive
L093,1.482646358,0.849161221,0.006529149,0.9687088,0.015769946,TRUE,DS,Average
L094,1.494830921,0.979186064,0.004084398,0.985030749,0.007512847,TRUE,DS,Average
L095,1.620906211,1.291527961,0.005222082,0.988955011,0.005537828,TRUE,DS,Responsive
L096,1.56112161,1.140695493,0.005422834,0.985350251,0.0073519,TRUE,DS,Average
L097,1.569835153,1.179894159,0.022085506,0.946436909,0.02715011,TRUE,DS,Average
L098,1.538549761,0.791704209,0.077923279,0.692760458,0.167677672,TRUE,DS,Stable
L099,1.188772811,-0.057519671,0.012391525,0.069632184,0.736120892,TRUE,DS,Stable
L100,1.138668831,-0.012437459,0.000296457,0.127603482,0.642783704,TRUE,DS,Stable
