"GEN","Y","Y_R","CV","CV_R","ACV","ACV_R","POLAR","POLAR_R","Var","Var_R","Shukla","Shukla_R","Wi_g","Wi_g_R","Wi_f","Wi_f_R","Wi_u","Wi_u_R","Ecoval","Ecoval_R","bij","Sij","Sij_R","R2","R2_R","ASTAB","ASTAB_R","ASI","ASI_R","ASV","ASV_R","AVAMGE","AVAMGE_R","DA","DA_R","DZ","DZ_R","EV","EV_R","FA","FA_R","MASI","MASI_R","MASV","MASV_R","SIPC","SIPC_R","ZA","ZA_R","WAAS","WAAS_R","WAASB","WAASB_R","HMGV","HMGV_R","RPGV","RPGV_R","HMRPGV","HMRPGV_R","Pi_a","Pi_a_R","Pi_f","Pi_f_R","Pi_u","Pi_u_R","Gai","Gai_R","S1","S1_R","S2","S2_R","S3","S3_R","S6","S6_R","N1","N1_R","N2","N2_R","N3","N3_R","N4","N4_R"
"CL1",24.636524822695,54,3.48692532259711,72,3.47442703506867,74,0.185948968414698,74,2.21393793536385,71,0.121614365999423,52,97.5252306237068,58,97.2226532869658,71,96.7944386515245,60,17.4449611855239,52,1.18979754587253,0.148031146782082,78,0.857666479096598,59,0.0939863320843473,53,0.0897273086830616,45,0.248477693595301,45,1.20438055603414,59,0.60285710692087,52,0.162649192961997,65,0.00881825332372968,65,0.363436691365002,52,0.0931390866033061,47,0.655571656081525,63,0.509386433962859,66,0.0710350192892731,55,0.149908047394917,53,0.20999530371325,82,24.6145920007165,54,0.998548339819601,54,0.998416481175622,54,3.29540702558406,55,2.41628042052576,54,4.17453363064236,55,24.6252370914699,54,10,80,1288,58,14.9505,71,1.0693,68,31,80.5,0.574074074074074,66,0.5703,52,0.1835,75
"CL2",24.7955729166667,47,4.28003211750648,90,4.40014731550953,91,0.391117010588226,91,3.37880871310764,93,0.165388279450604,60,97.8119980935753,53,99.5122235198712,38,98.3224681686539,47,23.6271846544668,60,1.57600729258029,0.0140716001674371,25,0.986031026856036,13,0.112289940639943,64,0.122916488639169,62,0.340307038425226,62,1.20033950580734,58,0.701593196685042,60,0.166711284637243,66,0.00926421747513323,66,0.492233013634736,60,0.124760147533517,62,0.724289238333275,69,0.577530855688616,77,0.0895101115574052,75,0.194577900402286,73,0.171092381626093,65,24.7623630728209,50,1.00478043183269,47,1.00460435297609,47,2.99968063346354,51,1.52377998003472,29,4.47558128689236,58,24.778558308133,47,1.5,17,1363,60,20.5,79,1.0333,66,29,70.5,0.58,67,0.7105,67,0.0333,19
"CL3",25.1702604166667,27,2.36346719485261,29,2.61348256964419,38,-0.0613782070274127,38,1.06168536241319,29,0.405329067735837,94,97.8044963482913,54,96.6815639881276,76,101.753547263381,20,57.5142067538204,94,0.449107744825598,0.386042749794681,93,0.254825567503424,99,0.266945501757654,95,0.210701591429591,94,0.583130903508441,94,1.78549382752607,90,1.09462899683168,94,0.259008933552459,97,0.0223618758866607,97,1.19821264070472,94,0.214157121673554,96,0.677394444137708,66,0.770666704631139,96,0.120363652942632,88,0.265851046333568,89,0.286438032911052,96,25.1586221256047,27,1.02051813483867,27,1.02007701703754,27,2.0547848500434,27,2.29219361501736,50,1.81737608506944,14,25.1649925182093,27,4,44.5,1706.25,88,33.4221,96,1.1419,69,31.25,82.5,1.35869565217391,90,1.0923,85,0.1221,58
"Extra",24.7853125,48,3.32101989106567,67,3.40736184393476,70,0.169019088671874,70,2.032605078125,67,0.404150947483461,93,96.2226088757016,69,98.2107192208666,60,95.3183102817605,70,57.3478199243412,93,0.812322386374946,0.564222608638995,99,0.435453292198862,95,0.224539067345733,90,0.22768170394934,97,0.630205196173049,97,1.86335032132039,92,1.09304448602231,93,0.206350181362729,81,0.0141934657828104,81,1.19474624842378,93,0.227723896095488,97,0.9251042746225,82,0.683868602381981,88,0.132143801686339,95,0.301924099234195,96,0.263895855909707,92,24.7654501933796,48,1.00471884980983,48,1.00435346754449,49,2.96536430859375,49,2.656383578125,61,3.2743450390625,41,24.7748994814043,48,13.6667,96,1668.6667,84,30.6786,93,1.25,73.5,25.5,61.5,0.443478260869565,48,0.722,71,0.2789,89
"L001",25.46525,16,3.68498517785759,77,4.31214944536675,89,0.373570184457626,89,2.64173125,82,0.0856926072973691,36,101.388517626059,14,101.899566214633,14,101.456333020713,26,12.3717035719043,36,1.38866121051941,0.0180347750190582,29,0.979133063639521,22,0.0650476472211917,41,0.0780142655399819,33,0.216035381809931,33,0.804805943933586,33,0.507684768744024,36,0.133659832783809,44,0.00595498363326524,44,0.257743824414673,36,0.0805017387061752,35,0.555557022581715,48,0.427380549873022,50,0.0608084187007848,43,0.129035154385227,43,0.117565597714812,40,25.43502181558,17,1.0318274501763,16,1.03175970388151,16,1.58927240625,17,0.730053249999998,13,2.44849156249999,25,25.4522843084829,16,2.6667,32,835,37,4.0838,29,0.3832,22,17.5,28.5,0.853658536585366,80,1.164,86,0.124,59
"L002",23.874125,87,3.40178959630098,68,2.90945788942081,53,0.0318067285174863,53,1.9787506875,64,0.026713774668276,15,95.5284591898786,73,95.8765476710704,86,95.4267855343488,69,4.04207767136377,15,1.20621381882101,0.00405774201013759,5,0.986268723983858,10,0.0222970258610875,18,0.0410910629916402,15,0.113805972971389,15,0.45405594393359,15,0.290189509608369,15,0.0799555253409428,21,0.00213096201084872,21,0.0842099514867456,15,0.0429382375776453,13,0.325320072641905,25,0.239962092301366,18,0.032292723897442,14,0.0673323079328764,15,0.0646012049572957,15,23.8602760250317,87,0.967873329328843,87,0.967838516710897,87,5.4483973125,87,4.0587543125,88,6.83804031249999,88,23.8637506224994,87,2.3333,26,382,14,2.5062,19,0.642,42,12.5,9.5,0.148809523809524,3,0.1997,6,0.0275,17
"L003",25.283375,23,2.53756295671985,35,2.8678015819396,49,0.0192807770054248,49,1.2348806875,37,0.0242174747978246,14,101.386190984573,15,101.333898675668,17,101.687956278667,23,3.68952332042908,14,0.931664844426721,0.0257730755230431,32,0.942827319595836,37,0.0159831849216213,14,0.0552945488264094,22,0.153040284621029,22,0.434531265253974,14,0.277245503436227,14,0.0603163204265019,13,0.00121268616993082,13,0.076865069175607,14,0.0557874628299768,20,0.200213354412058,10,0.204698777872485,13,0.0338731918439295,18,0.0753784510996493,18,0.0691992036246608,18,25.2663848320252,23,1.02472915089489,23,1.02470297764029,23,1.788305125,22,1.303765,23,2.27284525,20,25.277240538115,23,5.3333,50.5,450.9167,18,0.6584,9,0.1739,11,15.25,18.5,0.622448979591837,72,0.7506,72,0.2177,80
"L004",23.244,101,7.2905880857197,104,5.47546933993974,103,0.581025279969662,103,8.6152545,104,1.65100130154999,104,85.5243920524536,104,96.8914758695647,74,80.543625338799,104,233.441454544813,104,1.89856437196143,1.88064460602673,103,0.561203386401314,88,0.891739378693149,104,0.475842865014844,104,1.31695375140079,104,3.75727467867961,104,2.20530352476712,104,0.407299808126944,103,0.055297711233415,103,4.86336363635027,104,0.476182406691524,104,1.4661000371105,102,1.27784255083433,103,0.246976626041707,103,0.567764783589354,103,0.530348162018781,103,23.174847044578,101,0.942181769730328,101,0.940379508945699,101,8.40692328124999,102,3.8536015625,85,12.960245,103,23.1967144842115,101,13.1667,93.5,2363.3333,100,18.8182,78,1.9636,93,31.5,84,0.353932584269663,39,0.4614,42,0.1443,65
"L005",24.53225,58,1.69203340454629,14,1.65157675027393,10,-0.460019901836618,10,0.516908750000001,14,0.344042245026342,86,95.5795107424546,72,95.1170289172586,90,97.8665654314335,52,48.8586216388567,86,0.313253720108392,0.183115468975395,84,0.254633964336268,100,0.25200124795412,92,0.158966323053873,80,0.440193304124989,80,1.57936882752606,84,1.00890433184198,86,0.260516678985217,98,0.0226229800098288,98,1.01788795080952,86,0.163367429746606,80,1.10388030235482,93,0.84688561327089,98,0.122476081268884,90,0.261071648105056,88,0.241277509267622,88,24.528206386002,58,0.994802534658407,58,0.994472518832188,58,3.44213690625,57,3.6378233125,81,3.2464505,40,24.5296399623046,58,7.1667,60.5,1672.6667,85,43.5163,100,1.4851,84,29.5,74,0.489626556016597,56,0.6016,57,0.1217,57
"L006",25.149375,28,2.84672700211339,51,3.13519167018118,62,0.096710770260423,62,1.5376846875,52,0.310967709883806,84,98.2515826283916,46,96.8059539715818,75,100.192953603621,35,44.1874795987269,84,0.730036310222769,0.401880035939025,94,0.464899815674797,94,0.223765642611738,89,0.170893955318844,81,0.472968284791745,81,1.48953126525398,81,0.959464690147661,84,0.248407733624239,95,0.0205688007081103,95,0.920572491640147,84,0.175629135626826,84,0.615796757229085,59,0.735043035415686,92,0.108566150923499,85,0.236156455945582,85,0.218811219421891,85,25.1316157448703,28,1.01943429380407,28,1.01913971353808,28,2.1235209375,30,2.0592918125,45,2.18775006249999,18,25.1417352071154,28,7.6667,64,1592.9167,76,20.6479,80,0.9014,61,29.75,75,1.00847457627119,86,1.0166,83,0.2255,83
"L007",23.90725,86,3.20377252536497,58,2.75862224847267,45,-0.0144329539480762,45,1.75996425,56,0.150410908608013,58,94.3316206850275,82,93.5190053659858,97,94.2900060203866,77,21.5119190493136,58,0.988989629120226,0.214473542229024,89,0.74544802697243,75,0.112601025033624,65,0.111214739069462,56,0.307852965328928,56,1.25003126525396,65,0.669451253037913,58,0.177765159543772,72,0.0105334839825409,72,0.448164980194032,58,0.114842081711932,57,0.557372765472475,49,0.569745604919808,75,0.0830444131501285,64,0.178744521495353,62,0.165025098230929,61,23.8955326539056,86,0.969311822072102,86,0.969163189641057,86,5.35249615625,85,4.6393953125,92,6.065597,77,23.8980159191199,86,9.5,74.5,1414.25,65,16.4624,75,1.4194,81,31.25,82.5,0.38109756097561,41,0.3984,36,0.1162,55
"L008",23.76475,89,2.58704272982334,37,2.16380544665829,22,-0.225381003648099,22,1.13395275,33,0.180262167137505,68,93.5775020465523,88,94.7889755146133,93,93.7501601043983,82,25.7278352539394,68,0.722895665898688,0.206972163381032,87,0.618150214284459,84,0.0973497462570972,56,0.158511022914771,79,0.43870123507683,79,1.24122532132038,64,0.732117864684645,68,0.13319635342163,43,0.00591375618827322,43,0.535996567790404,68,0.158522175536441,79,0.495504586956982,42,0.398269688779298,44,0.0808195297099631,61,0.18724086429374,67,0.170113988862767,63,23.7597820433726,89,0.963704282026515,89,0.963535140252465,89,5.77253015625,89,5.4365153125,96,6.10854499999999,78,23.7587041902087,89,9.3333,72.5,1252,56,30.6316,92,2.1053,96,23,50.5,0.252747252747253,22,0.3563,27,0.1085,50
"L009",27.0985,1,1.0373396326482,3,1.64195326854876,9,-0.465095837844906,9,0.237057499999999,4,0.18950073653407,71,106.545295373489,1,106.912138778045,1,108.3987091958,2,27.0326055164086,71,0.37843401601206,0.0129531608641467,23,0.810334583102707,65,0.120429074019046,68,0.13083980835241,64,0.362350985397823,64,1.20536882752606,60,0.750452717758984,71,0.162175604066395,64,0.00876697551810004,64,0.563179281591845,71,0.131210630772775,64,0.948295304706597,86,0.522044746178577,69,0.0864017434110771,73,0.189128104352013,70,0.179861864301896,70,27.0772451479425,1,1.09805991729483,1,1.09783454077055,1,0.0026100312499999,1,0,1,0.0052200624999998,1,27.0974062133468,1,7.3333,62,1427,67,0.029,1,0.029,1,27.5,67,27.5,104,21.8098,104,4.8889,104
"L010",26.3525,6,2.55886996268177,36,3.53654724359987,77,0.201341505167057,77,1.3641475,46,0.384701777824871,92,102.609073230062,8,101.307916481142,18,105.799210084239,5,54.6009987325556,92,0.584477941972247,0.443436131861558,96,0.33590205490202,97,0.263561525895384,94,0.199185718143052,90,0.551257474953836,90,1.61567477145965,85,1.06654620477889,92,0.263247251845216,99,0.0230997052013529,99,1.13752080692824,92,0.203381880955208,91,0.651281517431427,62,0.748831034556701,93,0.113451266935972,87,0.249115468747754,87,0.231487604871929,87,26.3279260445536,6,1.06793133548371,6,1.06756118678256,6,0.45512240625,6,0.509571812500001,8,0.400672999999999,5,26.346032902789,6,6.1667,56.5,1584.6667,75,0.7201,10,0.1476,9,24.5,58,5.44444444444444,100,5.1074,99,0.9136,99
"L011",25.3585526315789,19,4.01509158921682,86,4.6035523998607,93,0.430368758782456,93,3.11000503324099,87,0.165502906507681,61,100.203585905026,25,100.471676806218,30,101.680152257948,24,23.6433735219136,61,1.4756816289344,0.0850033725212498,63,0.939208447941581,39,0.135809745127844,73,0.103185551743332,53,0.285637338387131,53,1.20020068077569,57,0.701833514237197,61,0.203466371427643,79,0.0137995214339772,79,0.492570281706533,61,0.109082575246952,53,0.573597230290206,52,0.608343241837639,81,0.083339885440236,66,0.17646589096017,61,0.162916840113628,60,25.3255840212638,19,1.02749641939995,19,1.02736105364729,19,1.82051735915858,24,0.841245468317173,15,2.79978924999999,34,25.3433419206686,19,1.5,17,1256.25,57,6.9683,43,0.5206,30,21.25,42,0.708333333333333,75,1.1693,87,0.0571,27
"L012",24.1195,79,4.56666405059618,95,4.10470567853234,86,0.330746621388904,86,3.6396195,94,0.20964806267273,74,94.579157795335,81,96.9513239146692,72,93.3466049826973,85,29.8780278849156,74,1.62468444660055,0.0399865019363939,40,0.972791581177535,26,0.138604512356862,74,0.131576271255477,65,0.364424136926194,65,1.21235649379432,61,0.788960654449306,74,0.178835062721451,73,0.0106606598861951,73,0.622458914269077,74,0.132499047997062,65,1.01203272624046,90,0.564578193647587,74,0.087635220746908,74,0.18876616536541,69,0.17514197253671,66,24.0890421036134,79,0.977544139061048,79,0.97732045702096,79,4.84182446875,80,2.930385625,70,6.75326331249999,84,24.1004951013922,79,8.1667,68,1409.5833,64,29.5,90,1.7143,88,24.75,59,0.311320754716981,32,0.4223,38,0.1061,49
"L013",22.952875,103,2.28105398640706,27,1.61137605572489,8,-0.481423611051974,8,0.8223686875,21,0.0747953939756998,33,91.3769087662102,99,92.6876573904499,101,90.5827122790192,100,10.8326817520125,33,0.722422867108633,0.051638429826219,47,0.851244156849683,60,0.0490825852877635,31,0.0788847937944037,35,0.218515039057397,35,0.81289350620568,35,0.47505880671091,33,0.10383260852018,29,0.00359373686403501,29,0.225680869833594,33,0.0790356564997892,33,0.647218580523658,61,0.274219148376162,26,0.0429598479605463,27,0.0919300464404656,29,0.0932384688895277,31,22.9565851675013,103,0.931031136688229,103,0.930968206993121,103,8.7783883125,103,7.8115500625,103,9.74522656249999,99,22.9484040353415,103,9.8333,78,696.9167,29,3.5263,27,1.4737,83,15.75,21,0.155940594059406,6,0.2281,7,0.0981,45
"L014",24.318625,71,2.67491551935793,42,2.50232306186595,36,-0.0991306660081447,36,1.2694611875,40,0.0230848244493734,13,97.5270046781849,57,98.3705487547199,58,96.7360232896538,61,3.52955824044804,13,0.945797430094943,0.025268219045309,31,0.945180107424065,36,0.0158954298519194,13,0.048221773814674,19,0.13352558158521,19,0.430449450139261,13,0.271168699046678,13,0.0599468525622763,12,0.0011978750440411,12,0.0735324633426676,13,0.0485267850812408,16,0.315031150336316,24,0.206755785514142,14,0.0335659206738099,16,0.0734689406372655,17,0.0718367287439566,20,24.3082794977927,71,0.985893057123998,71,0.985868963210391,71,4.0312776875,69,3.0767540625,73,4.98580131249999,63,24.3121130149714,71,7.1667,60.5,341.6667,12,8.9291,55,0.8369,59,14,16,0.191780821917808,10,0.2295,8,0.1027,46
"L015",25.04325,32,2.59026917556016,39,2.79472742607012,47,-0.00313850914864796,47,1.26238675,39,0.0727070065319501,32,99.6573511370903,30,101.167201084054,21,98.3184297414119,48,10.5377371868797,32,0.888735624129696,0.0919377389408715,66,0.839248339924794,62,0.044855511140252,27,0.0863592130085286,41,0.239129441567475,41,0.728968734746031,28,0.468546893483808,32,0.0960768870509966,26,0.00307692274180332,26,0.219536191393327,32,0.0863686573209392,40,0.561623334076795,50,0.300666767242728,28,0.0549591902283128,36,0.123053468789444,38,0.11800167976764,41,25.0279768947647,32,1.01508787939727,32,1.01501386366477,32,2.25396496875,31,1.5306953125,30,2.977234625,38,25.0369507300701,32,11.1667,88,760.9167,33,8.122,50,0.5436,33,18.25,31,0.588709677419355,68,0.7185,70,0.3358,92
"L016",24.324,70,2.45970808875676,31,2.3034736328185,28,-0.171050932195357,28,1.0738865,30,0.0114643538923212,6,97.8735870736986,51,97.7034535192461,67,98.0618771259894,49,1.88839024485177,6,0.885639636629167,0.00137189215075934,4,0.979700767131216,18,0.0105972925196523,10,0.0273906956837029,5,0.0758626719476501,5,0.305949450139241,5,0.198346826126388,6,0.0555808094603267,11,0.00102974212675505,11,0.0393414634344114,6,0.028783897750898,4,0.220226887995228,11,0.164052684766924,10,0.0217313547980961,6,0.0451048424393598,5,0.040290769453416,4,24.3153411317095,69,0.986138172691641,69,0.986126665984414,69,4.00368440625,67,3.2405125,77,4.7668563125,62,24.3184915095515,69,3.3333,41,184,4,9.9489,61,0.8029,55,11,8,0.153846153846154,5,0.166,3,0.0471,25
"L017",24.923375,41,1.70270349404415,15,1.7947670191002,17,-0.387801262397058,17,0.540272687500001,15,0.167735141969663,63,98.3000851701481,44,98.5216190837899,53,101.644468883948,25,23.9586338533131,63,0.515333394116827,0.0825003346735901,60,0.659327666485849,82,0.0973757921795477,57,0.146642602847096,76,0.405863475936414,76,1.34586882752606,70,0.706497137487024,63,0.141831046236488,54,0.00670534855884562,54,0.499138205277358,63,0.147242463175632,76,0.505813897085562,43,0.484508728865471,61,0.0850530514992563,68,0.191636750123268,72,0.180529408128039,72,24.9155952835371,41,1.01044273954489,41,1.01027912655764,41,2.4853911875,38,2.4807595625,57,2.49002281249999,27,24.9206604631896,41,2.5,28.5,1478.25,70,11.8387,64,0.8065,56,32.25,86.5,0.77710843373494,78,0.7743,74,0.0581,29
"L018",24.228625,74,3.27451283895959,66,3.00853939087678,57,0.0608939812368215,57,1.8883051875,61,0.12731661794871,53,95.7754840528544,70,97.4923588107064,70,94.1925105208427,78,18.250294614662,53,1.06215972751853,0.177988242399961,82,0.801392394025958,68,0.0812271861836436,49,0.112881214799134,57,0.31253109601916,57,0.984550549860743,51,0.616615334822929,53,0.135224036989869,45,0.0060951800599458,45,0.380214471138793,53,0.11362226717109,56,0.66959869165384,65,0.477825979658746,59,0.0783694802937109,59,0.17233302449793,59,0.159284962540024,59,24.2130575702301,74,0.982208674807576,73,0.98207818989968,74,4.3666069375,74,3.41893225,79,5.314281625,71,24.218693001798,74,12.1667,90,978.9167,42,16.4574,74,1.2248,72,22.75,48,0.291666666666667,27,0.3725,32,0.1672,73
"L019",25.571625,13,4.06518796297552,87,4.8543989314291,97,0.47645350406716,97,3.2418966875,90,0.176335496590109,66,100.97513944534,18,104.091348033789,7,101.312455296028,27,25.1732685520168,66,1.51296490630451,0.0762189588989808,57,0.947100965216815,34,0.0990757005040465,58,0.152883384429819,78,0.423136862865937,78,1.40113117247394,76,0.724184434266355,66,0.139065579482603,50,0.00644641179894402,50,0.524443094833681,66,0.153177375975759,78,0.523301542990094,44,0.470460925411971,58,0.0862308315312917,72,0.195872967871101,75,0.182228694646652,73,25.5357421538118,13,1.03604876619141,13,1.0359033473026,13,1.4620055625,13,0.3851600625,6,2.5388510625,28,25.5557621518862,13,3,37,1600.9167,78,5.2029,34,0.4522,26,33.75,92,1.98529411764706,94,1.8481,96,0.16,72
"L020",24.236125,73,5.05160584302648,98,4.64827266819962,94,0.438765768837076,94,4.4968306875,98,0.347617016074442,87,94.156402328348,83,99.6979919140097,36,92.0330834957229,92,49.363489303804,87,1.79289878972162,0.0830339615540417,61,0.958832514761961,31,0.218889231311764,88,0.17479223650545,84,0.484116448732158,84,1.70060649379432,88,1.0141035584015,87,0.216774973612784,85,0.015663796394941,85,1.02840602716258,87,0.174968923156881,82,1.33182067222356,99,0.644323944035195,83,0.108809062839331,86,0.238460796014998,86,0.221215761549704,86,24.1969719539177,75,0.982154146795134,75,0.98178557814359,75,4.5813453125,76,2.3772528125,51,6.78543781249999,86,24.2125378877059,75,9.8333,78,1800.25,90,31.1892,94,1.5676,85,30.25,77,0.487903225806452,55,0.5404,50,0.1446,66
"L021",25.106375,29,2.18382092613894,22,2.38519621155595,34,-0.140769201193437,34,0.901827187500003,23,0.0986870821873294,41,99.6518188722734,31,98.9048356283804,46,101.963629297032,15,14.2069232563625,41,0.725838043699753,0.0880505099015025,65,0.783598997296608,72,0.0702044155707666,44,0.0992254951929019,51,0.274616351348312,51,0.873868827526055,39,0.544038204394586,41,0.137448986859689,47,0.0062974079962517,47,0.295977567840885,41,0.101614001567763,50,0.34575596347663,27,0.408813794259757,46,0.0613100925229293,46,0.133923243201779,48,0.127558690271965,49,25.0938967238798,29,1.01770663335842,29,1.01760847359701,29,2.1182669375,29,1.8895043125,40,2.3470295625,22,25.1018926231137,29,3,37,937,38,5.4261,35,0.4605,27,20.5,39.5,0.719298245614035,76,0.822,76,0.093,43
"L022",23.840875,88,1.99285875270014,20,1.69293422147109,12,-0.438537254878573,12,0.677202687500001,18,0.178187585610378,67,93.9004410887952,85,96.0129134359873,84,93.026311095999,87,25.4348405090329,67,0.55491171585745,0.122556830168078,73,0.609911547827545,85,0.115201093992445,66,0.120747851028503,61,0.334480749369039,61,1.25289350620568,66,0.727937161164927,67,0.158963974430131,63,0.00842318172220782,63,0.529892510604854,67,0.120958636764408,61,0.994613266753772,88,0.405179494360128,45,0.062884053301103,50,0.134021826498927,49,0.132564465492491,51,23.8398358554255,88,0.966856076094745,88,0.966689373855115,88,5.457970625,88,4.915443125,93,6.000498125,76,23.8373163419341,88,13.1667,93.5,1383,62,39.2989,97,2.3218,98,20.5,39.5,0.225274725274725,16,0.3869,35,0.1582,70
"L023",23.259125,100,3.80893671587188,80,2.86969183882432,50,0.0198531023077201,50,2.35459118749999,76,0.0518248176505484,28,92.4914865938727,94,94.9988571223587,92,93.3282061433579,86,7.58852958793688,28,1.31877173636848,0.00136930373314109,3,0.990744085249499,7,0.0296221020797841,22,0.0829765567515194,39,0.229672304354594,39,0.79313117247393,32,0.39761082280963,28,0.0747423184114374,17,0.0018621380538389,17,0.158094366415351,28,0.0829780270035245,38,0.335940376939836,26,0.239771354780619,17,0.0474377999357956,31,0.108829386773758,33,0.10675615492151,34,23.2459298452351,100,0.943064712854225,100,0.942990499897598,100,7.66908631249999,100,5.5907015625,97,9.74747106249999,100,23.2464520760108,100,1.3333,13.5,722,31,3.1935,24,0.9677,63,23,50.5,0.237113402061856,20,0.2393,10.5,0.0137,7
"L024",23.2754934210526,98,3.97494501465128,85,3.00501878850204,56,0.0598769604891051,56,2.56791886894044,80,0.078249212746572,34,92.2302183266001,95,93.2287555186367,99,91.8849894956851,94,11.3204672338062,34,1.36931050164282,0.016921282131452,28,0.979400497134255,20,0.0581153335493881,34,0.0748167878607016,32,0.207207901679757,32,0.726319101828335,27,0.4856367648469,34,0.124157425006955,36,0.00513835539478586,36,0.235843067370964,34,0.0767414047775399,31,0.571660500081854,51,0.391760331593693,42,0.0558026287623681,38,0.118075465167738,36,0.113645711791018,37,23.2603788619524,99,0.943704819971237,99,0.943601531547929,99,7.63599466291551,99,5.69266676333102,99,9.57932256249999,98,23.2616747684803,99,4,44.5,683,27,8.3548,51,1.9355,92,16,22,0.16580310880829,7,0.2327,9,0.0411,22
"L025",23.717625,90,4.27559277961962,89,3.54178483359088,78,0.202626924851753,78,3.08500818749999,86,0.260207758278545,81,92.6441637701029,91,96.6797976277571,77,90.7088649139964,99,37.0186125873985,81,1.36249315576535,0.287956232382153,91,0.80714224519328,66,0.145422724290507,76,0.18686014167485,88,0.517158093346161,88,1.48752467867961,80,0.87819194688337,81,0.168886708216847,68,0.00950757340410751,68,0.771221095570804,81,0.187307070421261,88,0.581241378421726,54,0.549269411603448,73,0.10038922004177,81,0.228470667470379,84,0.215114899723749,84,23.6953857057223,90,0.961501557393744,90,0.961224074273675,90,6.0726953125,90,3.8686725,86,8.27671812499999,93,23.7013697353141,90,9.8333,78,1467.3333,69,9.0274,56,1.1507,70,25.5,61.5,0.3,28,0.3824,34,0.1134,54
"L026",24.6402763157895,53,2.2270553953716,24,2.2207152883922,26,-0.202831658040967,26,0.903388258310248,24,0.232951450151986,79,96.6429238995187,66,97.8247086083979,65,95.2088606115781,72,33.1691832242939,79,0.579161198065109,0.217205782085292,90,0.498037695490377,93,0.149356952314666,78,0.140388002278385,72,0.388851603204301,72,1.42007399790393,77,0.831278924613227,79,0.180846908285107,75,0.0109018680787607,75,0.691024650506123,79,0.140687280141693,71,1.1069861175109,94,0.529977168528065,70,0.0859696897178595,70,0.186449077862473,66,0.180072643237118,71,24.6314004117314,53,0.999016115991466,53,0.998788320023272,53,3.16259754250346,53,2.58735096000692,58,3.737844125,49,24.6356610906825,53,14.6667,101,1692.6667,86,30.2976,91,1.3854,78,32.5,88,0.550847457627119,64,0.6629,65,0.2729,88
"L027",25.568,14,4.44646757965329,93,5.30604333794801,101,0.553724162710661,101,3.8774395,96,0.282899107039226,82,100.155144953719,26,102.785355195903,10,97.8806620764458,51,40.2233292277532,82,1.63299440043563,0.140740733954862,76,0.92249092326351,45,0.183665264899081,82,0.151038590585549,77,0.418387083060645,77,1.50835649379432,82,0.915415766511695,82,0.202089936083637,78,0.0136134474220962,78,0.837986025578194,82,0.151482494294382,77,1.24371222156669,98,0.535793332240527,71,0.0818479010995704,63,0.174035858966604,60,0.155580800235939,57,25.526323668156,14,1.03584095246992,14,1.03559037545726,14,1.55695396875,16,0.538728125,9,2.5751798125,29,25.5487682235146,14,12.8333,92,1624.6667,80,13.2478,69,0.6785,44,28.5,69,2.28,95,1.7238,91,0.6337,98
"L028",25.086125,30,4.87987922897794,97,5.30900826113574,102,0.554209379311322,102,4.4957956875,97,0.362895772577304,89,97.6550100537612,56,101.677777440332,16,95.1851333332131,73,51.5213198375926,89,1.77575551397366,0.123546888464861,74,0.940800453742362,38,0.230023400234219,91,0.174941499398863,85,0.484577479215048,85,1.74360649379433,89,1.03603128811337,89,0.222418704202708,88,0.0164900266597373,88,1.07336082994984,89,0.175025337752413,83,1.40439901352155,100,0.595740681944494,79,0.0996379921764218,80,0.216918226293368,79,0.197033897585125,77,25.0420161542791,31,1.01637530383354,31,1.01603091277571,31,2.4865590625,40,0.982381,19,3.990737125,54,25.0633469003817,31,12,89,1712.6667,89,23.7579,84,0.9614,62,24,55,0.905660377358491,84,1.0619,84,0.3556,93
"L029",24.03525,82,3.87889765851645,84,3.42773440277239,72,0.174196903740913,72,2.60756525,81,0.110638648301969,49,95.1076282053618,75,96.333926384349,81,95.6613546059046,68,15.8948521322456,49,1.34856503450667,0.0745591612433201,56,0.935505502566373,41,0.0855014615040211,51,0.0921461277803576,48,0.255077712739817,48,0.933631172473944,43,0.575450043665925,49,0.156782855748473,62,0.00819362128554881,62,0.331142752755115,49,0.0956875237721956,48,0.48865288403275,39,0.495043484108246,64,0.070859623622087,53,0.151718815584446,54,0.143791419040509,53,24.0146626404502,82,0.97428744733178,82,0.974169668994899,82,4.98603503124999,81,3.19950625,76,6.77256381249999,85,24.0216237043988,82,0.8333,6,1028.9167,48,17.8288,77,1.3874,79,24.25,56.5,0.290419161676647,26,0.3596,29,0.0108,3
"L030",24.002875,83,5.52831324249599,101,4.85341113339474,96,0.476276741137448,96,5.2824216875,100,0.448585112179132,96,92.6499298901531,90,97.9012402046115,63,91.3631647597637,96,63.6232911844357,96,1.97499768742822,0.0156639944948936,27,0.990462087313806,8,0.274936315320586,97,0.207743828641743,92,0.575283033869762,92,1.98613117247395,94,1.15129719577921,96,0.239966285487562,93,0.0191946060568993,93,1.32548523300908,96,0.207868905425697,92,1.42055917897585,101,0.760789914390007,95,0.134052258172201,96,0.297646285641023,95,0.277256623967627,93,23.9584286985421,84,0.972678284820156,83,0.972200487633406,84,5.36121706249999,86,2.6864163125,64,8.03601781249999,91,23.9750705454983,84,6.3333,58.5,2190,97,42.9478,98,1.9826,94,38,97,0.493506493506494,57,0.5315,49,0.0831,40
"L031",25.430125,18,3.20693097403818,59,3.7276480907455,83,0.247052388996139,83,1.9952506875,65,0.305026268765429,83,99.3715212513953,32,100.773303311066,26,98.0462382268216,50,43.3483652992387,83,0.907116241285225,0.436231709653344,95,0.553179601576085,90,0.194550536741847,83,0.17943952788807,87,0.496714677999005,87,1.55155054986074,83,0.950310972121306,83,0.21323643544667,83,0.0151565924673339,83,0.903090943734141,83,0.181254029705846,87,0.863720384681714,76,0.755341793783635,94,0.122326267067109,89,0.269507021512721,90,0.250840747703852,89,25.4058203554995,18,1.03064295429542,18,1.03035577541157,18,1.6322956875,18,1.1740270625,22,2.0905643125,16,25.4201023725734,18,14.3333,100,1644.9167,82,7.4969,47,0.5644,35,30.75,78.5,1.33695652173913,88,1.4946,90,0.6099,97
"L032",22.423375,104,3.22297532197587,61,2.03266712415362,19,-0.27968489683823,19,1.5668851875,54,0.00790368041165795,3,89.9662519605143,102,90.6397080541907,104,89.9755150233499,101,1.38551359019828,3,1.07331636300938,0.00129975360376805,2,0.986179718068771,12,0.00680297382165941,2,0.0311965862579841,7,0.0863391986329167,7,0.263449450139273,2,0.169896634641374,3,0.0426552213328764,4,0.000606489302318891,4,0.0288648664624646,3,0.0319210450323667,5,0.106682153586786,1,0.125823453039406,3,0.0189275882788342,3,0.0413999893185169,4,0.0437182581388776,6,22.4233151757686,104,0.909546098189084,104,0.90952435617587,104,11.1895085625,104,9.35654281249999,104,13.0224743125,104,22.4146491985627,104,2.8333,34.5,207,6,2,18,2,95,9.5,4,0.0913461538461538,1,0.1204,1,0.0274,16
"L033",23.569,93,5.65249067514457,102,4.54150957393469,92,0.418583045170344,92,5.32455450000001,102,0.524601043027529,100,90.5305420143606,101,97.7588217252395,66,91.2418352682608,98,74.3590795719481,100,1.90733031002653,0.212919612972819,88,0.916444744103455,48,0.283758804713316,98,0.267051432938294,102,0.739118832869897,102,2.42763117247396,101,1.24464753688836,100,0.228583942717094,91,0.0174168729560306,91,1.54914749108225,100,0.267080866477519,102,0.897074327213065,80,0.713866102702062,89,0.142371805484913,98,0.328313760989026,99,0.3125224057117,99,23.5275343580101,93,0.955251153587586,93,0.954688864480098,93,6.80633053125,95,3.4425265625,80,10.1701345,102,23.5407567433562,93,2,22,2785,104,24.9365,85,2.4762,101,45.5,104,0.502762430939226,58,0.5121,47,0.0224,11
"L034",24.099375,81,3.4862806401469,71,3.12092827967762,61,0.0927501540499851,61,2.1176661875,69,0.10027620934021,42,95.5157621191446,74,97.6821875992468,68,94.2987834887767,76,14.4313569065693,42,1.17731435260726,0.119712926220622,72,0.877940564096364,56,0.055998845246872,33,0.116859318781992,58,0.323429368322481,58,0.917024678679618,40,0.548318583386392,42,0.103317961054799,27,0.00355820035884031,27,0.300653268886859,42,0.117003910700316,58,0.386631634641224,29,0.341448146323884,34,0.0640541183368443,52,0.14621684708611,52,0.138148418644923,52,24.083019891736,80,0.976955343276921,81,0.976850687221186,80,4.7437919375,79,3.16601525,75,6.321568625,81,24.0883904531547,80,8.5,69,1034.25,49,7.2,44,0.8,53.5,20.25,37.5,0.28125,25,0.3713,31,0.1133,53
"L035",24.325,69,3.22931608083349,63,3.02480224063729,59,0.0655765491721423,59,1.8511775,59,0.041239682102291,22,97.1578724464442,61,98.491666776358,55,96.0146340418843,66,6.09358275204473,22,1.14272755814114,0.040284889026276,41,0.946182866910523,35,0.0284377955001392,21,0.0591252416006329,26,0.163758420142399,26,0.56635649379433,19,0.356299930771251,22,0.0813612908180497,22,0.00220655321452642,22,0.126949640667599,22,0.059590290576848,25,0.455887923091761,34,0.256975946927684,21,0.0395845485990679,23,0.0851172598824508,24,0.0782698552129695,22,24.3090502089301,70,0.986050010229375,70,0.986004086653352,70,4.07189765625,71,2.964274,72,5.1795213125,66,24.315376170869,70,8,67,417,16,2.7241,22,0.5241,31,13.5,15,0.194244604316547,12,0.2572,15,0.1164,56
"L036",23.986125,84,2.98721337167753,53,2.61365075971612,39,-0.0613223109822416,39,1.5401886875,53,0.1013779515068,44,95.0937802470725,76,96.0276775897435,83,93.7284556698024,83,14.5869568002508,44,0.960844001247595,0.141391559399404,77,0.804025046355589,67,0.065099490161688,42,0.102544999092524,52,0.283886724032566,52,1.01246873474603,52,0.551266662640284,44,0.122051323806347,33,0.00496550854762723,33,0.303894933338557,44,0.10338433256035,52,0.554252512529716,47,0.435096458206534,52,0.0709800686450486,54,0.156245282462691,56,0.149441054703075,56,23.9758372329584,83,0.972502630075782,84,0.972400890685705,83,5.04524687499999,82,3.747153125,84,6.34334062499999,82,23.9780921444413,83,10.1667,81.5,1063.5833,50,12.9167,67,1.25,73.5,26.75,65.5,0.318452380952381,36,0.3487,24,0.1255,61
"L037",25.218375,25,3.05798808131086,54,3.41299677846483,71,0.170454333745985,71,1.7841321875,57,0.0112528598246726,5,101.544910703839,11,102.292473305198,11,101.822976877605,16,1.85852077499033,5,1.15062458675564,-0.00538401685925277,11,0.995355022359025,4,0.00759463492035465,4,0.0399937593412446,13,0.11070041060532,13,0.38713117247395,11,0.19677190554624,5,0.0394256626572602,2,0.000518127625321361,2,0.0387191828122983,5,0.0401138047955996,11,0.166691513562647,8,0.140191081727815,6,0.0247466120214641,9,0.055602602320241,10,0.0513687131110741,10,25.1970214561302,25,1.02200648851472,25,1.02199727197884,25,1.944761625,26,1.106290125,21,2.783233125,32,25.2095098536544,25,0.5,2.5,211.3333,7,3.2098,25,0.4066,23,12.5,9.5,0.446428571428571,49,0.4379,41,0.0174,9
"L038",24.363375,67,3.08871793350647,55,2.9153533717623,54,0.0335649838212601,54,1.6988406875,55,0.0159468379828299,11,97.8364205317829,52,98.8347293064019,47,97.4442332070714,56,2.52145492101919,11,1.11368283930491,0.00806993729596434,17,0.979282835237253,21,0.0100537088334936,9,0.0485986736569462,20,0.134500013270921,20,0.375024678679618,10,0.229194918910884,11,0.045107265271197,6,0.000678221793415378,6,0.0525303108545667,11,0.0487782752392563,17,0.141961842231355,6,0.138623788820575,5,0.0248220719953811,10,0.0564329181569638,12,0.0544962717091041,12,24.3487761234362,67,0.987611690943982,67,0.987593258223411,67,3.9413640625,65,2.7692348125,66,5.1134933125,65,24.3546653853958,67,3.6667,42.5,330,11,2.5159,20,0.4204,25,13,11,0.203125,13,0.2393,10.5,0.0558,26
"L039",26.760625,3,1.14416322954443,5,1.70392606773548,13,-0.432915928790435,13,0.281248187500001,7,0.196858133256131,73,105.18255922074,2,106.247006582808,3,107.657323521152,3,28.0716963150026,73,0.386837188006585,0.0307356345948359,35,0.713681507626927,76,0.125007069289527,70,0.137540623114941,68,0.380841040083154,68,1.36486882752607,71,0.764739829329269,73,0.166843696568945,67,0.00927893969493007,67,0.584827006562559,73,0.138267585678974,69,0.883309290175229,78,0.577496802342687,76,0.0949501580096812,78,0.208459648717527,78,0.197973671554771,78,26.7415785628132,3,1.08445715286342,3,1.0842310745218,3,0.0842768124999996,3,0.0997290624999998,3,0.0688245624999995,3,26.7593194859641,3,5.3333,50.5,1552.6667,73,0.0594,2,0.0396,2,32,85,7.11111111111111,102,8.5312,102,1.3333,100
"L040",24.98975,34,3.21833614817876,60,3.43647326141734,73,0.176408515232722,73,1.94047425,63,0.0615350619684189,29,99.6647576680859,29,99.454808468316,39,100.543172896767,32,8.95991486236868,29,1.15375443239154,0.0679499198450569,55,0.92014574399665,46,0.0589651719457975,36,0.0490772655912906,21,0.13584242535157,21,0.744825228540359,31,0.432047327229336,29,0.141202960959485,52,0.00664609206124191,52,0.186664892966013,29,0.0558534400715609,21,0.297845912713583,22,0.360358420121057,36,0.0441878669298352,29,0.0909148152942135,27,0.0848661575544753,27,24.9686969873659,34,1.01280141922127,34,1.01274570387486,34,2.42290696875,36,1.420804625,27,3.42500931249999,46,24.9800070932389,34,0.5,2.5,746.25,32,7.412,45,0.5768,36,15.25,18.5,0.342696629213483,38,0.6185,59,0.0131,6
"L041",25.015,33,2.19391302516623,23,2.3541392016042,32,-0.152153144250561,32,0.903568500000003,25,0.0466777634108286,25,99.8823339742282,27,100.429934452219,31,99.6359568194452,39,6.86160715838882,25,0.783530029215109,0.0305204207587061,34,0.911355775068635,49,0.0337577972744578,24,0.0587185157980196,24,0.162655161423417,24,0.63464350620567,24,0.378087488728602,25,0.0915573980068607,24,0.00279425237659557,24,0.142950149133101,25,0.0596218816916761,26,0.490887886997284,40,0.248878910933201,19,0.0336680437516352,17,0.0694592931241076,16,0.0671236862753992,17,25.0030456310548,33,1.01400184208489,33,1.01395200321758,33,2.28768946875,32,1.7833233125,36,2.792055625,33,25.0105014451178,33,7.8333,65.5,562,24,4.5162,31,0.4188,24,17,24,0.453333333333333,50,0.5743,53,0.2191,81
"L042",23.315,97,4.44859340315826,94,3.39092041594892,69,0.164817771281772,69,3.2272865,89,0.144884184749972,56,91.7118378441596,96,95.3381377089407,89,92.8583285836881,90,20.7313755875167,56,1.54201401127855,0.00939581176068388,19,0.988272838076588,9,0.0823446237904616,50,0.134801717900108,67,0.373134993533444,67,1.30463117247392,68,0.657193775132772,56,0.126110430428864,38,0.00530128022098442,38,0.431903658073264,56,0.134860445306656,67,0.58866216356307,55,0.429529429495408,51,0.0809747584728647,62,0.18396495717474,64,0.176783026998783,67,23.2934793947117,97,0.945204861936494,97,0.945026467289028,97,7.53652165624999,98,5.0020085,94,10.0710348125,101,23.2976790097413,97,1,9,1548,72,6.2222,40,1.3333,77,34,93,0.357894736842105,40,0.3549,26,0.0104,2
"L043",24.33,68,2.82988124306438,50,2.65331224827039,42,-0.0482406992967031,42,1.4221385,47,0.0297924796850701,17,97.4275119585421,59,98.6336829867145,50,96.4673659906533,63,4.47688554912023,17,0.995352976917662,0.0370920975891397,38,0.934437129003176,42,0.0189576046771674,16,0.0588316264345667,25,0.162869276428813,25,0.495274678679614,17,0.305398835852406,17,0.0632344572613756,14,0.00133286552838025,14,0.0932684489400045,17,0.0590172916404945,24,0.312290602152236,23,0.22553783577502,16,0.0389322880601653,22,0.0866916710842669,25,0.0834831160549708,25,24.3182117220016,68,0.986327115240535,68,0.986295789120949,68,4.01137265625,68,2.9601788125,71,5.0625665,64,24.3227066162529,68,7.5,63,408.9167,15,8.411,53,0.8219,58,13.25,13,0.192028985507246,11,0.2557,14,0.1095,52
"L044",25.574125,12,3.10520257291301,56,3.70980488876657,82,0.242884715440333,82,1.8919196875,62,0.0160269293025103,12,102.91836898403,5,103.706656555631,8,102.891424111099,9,2.5327662797064,12,1.18556761523725,-0.00623935084006982,13,0.996523855530854,1,0.0110343937733972,11,0.0428332568665112,17,0.118588592251661,17,0.430131172473941,12,0.229708432933033,12,0.0490897803728369,10,0.000803268845684456,10,0.0527659641605496,12,0.0430322643938589,14,0.24772860742953,15,0.173974123802561,12,0.0291855769543333,13,0.064505887372187,13,0.058449707612528,14,25.5493556744514,12,1.03630802568165,12,1.03629717076175,12,1.3367864375,12,0.630045249999999,12,2.043527625,15,25.5648422507359,12,1.3333,13.5,246.25,9,0.2762,6,0.1105,6,13.25,13,0.913793103448276,85,0.9372,81,0.092,42
"L045",25.31675,21,3.24959871978516,64,3.6961177880091,81,0.239674182811606,81,2.03047025,66,0.0300538851791455,18,101.539713212729,12,102.058713830529,13,101.771318952618,19,4.51380404812961,18,1.22182956096581,0.0044886676462999,8,0.986194024202157,11,0.0220563581562518,17,0.0553980537481446,23,0.153333556929202,23,0.511631172473937,18,0.306655481503321,18,0.0761959869004076,18,0.00193527613990903,18,0.0940375843360338,18,0.056598194935579,22,0.233661018962628,13,0.249094139644876,20,0.0379213049691538,21,0.082689407559328,22,0.0764800973811889,21,25.2927138859241,21,1.0259323153701,21,1.02590873558948,21,1.78569021875,21,0.950272624999999,17,2.6211078125,30,25.30673835034,21,2.1667,24.5,429.5833,17,2.6176,21,0.3386,20,14.25,17,0.537735849056604,62,0.7109,68,0.0858,41
"L046",25.193125,26,2.12582688353941,21,2.36109800054808,33,-0.149589396089822,33,0.860480687499999,22,0.0337421938424935,19,100.811303566833,19,100.63819260031,28,102.671645007158,12,5.03470671781466,19,0.781656007791013,0.010943713357434,21,0.952418787374373,33,0.0234609133537441,19,0.0604769631104243,29,0.167395628185984,29,0.589868827526054,21,0.323866829557777,19,0.0763077819201343,19,0.00194095919385692,19,0.104889723287806,19,0.0614020363052119,29,0.261056063836732,17,0.259894287474107,22,0.0408682721730298,25,0.0896848077803969,26,0.0847971001876422,26,25.1801737959873,26,1.02117082574365,26,1.02113301090058,26,1.928013375,25,1.564380625,31,2.291646125,21,25.188857620943,26,0.6667,4,507,21,1.2783,16,0.1942,15,17.5,28.5,0.636363636363636,73,0.7027,66,0.024,12
"L047",23.9243684210526,85,2.72111221991341,43,2.351188765393,30,-0.153242427159345,30,1.27143781301939,41,0.0858967937329944,37,95.0281963367254,78,95.7181985735212,87,93.860736727942,81,12.400540979273,37,0.877643198982373,0.109603958369416,70,0.812603336052826,64,0.0638243097773568,39,0.0791860740331952,36,0.219290935470141,36,0.926475765928728,41,0.508276109742387,37,0.130631004396713,41,0.00568815310323132,41,0.258344603734855,37,0.0813066686334818,36,0.577426524128573,53,0.419753315196792,48,0.0603272397750815,42,0.128184279179298,42,0.123805218777077,45,23.9173341022856,85,0.970071033403501,85,0.969986434411502,85,5.22682358232341,83,4.22807485214681,90,6.2255723125,80,23.9177566812251,85,11,86.5,966.6667,41,16.9333,76,1.4667,82,26,63.5,0.300578034682081,29,0.3264,22,0.1333,62
"L048",23.274125,99,1.56603325748744,11,1.18356734932495,5,-0.74943147111304,5,0.398538187499999,9,0.231369300059726,78,91.3969724636935,98,92.2494655976113,102,94.7858256596464,75,32.9457349497251,78,0.392707276723871,0.0863116599373496,64,0.519045818634154,92,0.127287101970361,71,0.176258670934359,86,0.487836849685874,86,1.62286882752605,86,0.828474186754949,78,0.154735111439528,60,0.00798098490406775,60,0.686369478119275,78,0.176369798819135,85,0.612462436966143,58,0.510540420421347,67,0.0976250430631913,79,0.223351421315773,82,0.206469683019883,80,23.2799794765963,98,0.944119584085487,98,0.943919916698633,98,7.48873181249999,97,7.7389110625,102,7.23855256249999,89,23.271975157387,98,2.6667,32,1920.3333,92,23.0976,83,2.8293,104,37.5,96,0.390625,44,0.4005,37,0.0281,18
"L049",24.746875,51,3.8509419499242,82,3.92137677315927,84,0.29105972130124,84,2.7245571875,84,0.0924648515345828,38,98.2438267967234,47,100.735868165621,27,97.3703607972309,57,13.3281528349437,38,1.41210794124325,0.0154057110439008,26,0.981697315749549,17,0.0602392373795168,38,0.0910981424051139,47,0.252287070607172,47,0.85913117247394,38,0.526943878157811,38,0.116098422895342,32,0.00449294793292856,32,0.277669850727994,38,0.0915320002178943,46,0.658039227626302,64,0.380561730745827,40,0.0615293833513004,47,0.134082110780725,50,0.124292131294723,48,24.7203698036233,51,1.00289929122818,51,1.00280830505621,51,3.049372125,52,1.69041625,34,4.40832799999999,56,24.7329883968101,51,5.8333,54,998.9167,46,9.1379,58,0.6897,45,24.25,56.5,0.532967032967033,60,0.5824,55,0.1241,60
"L050",26.46475,4,1.48779306124645,10,2.09915007760701,21,-0.25173044426255,21,0.465095249999999,11,0.430575976872253,95,102.622223766405,7,104.994242848076,5,102.697432846472,11,61.0798471518639,95,0.199030940760132,0.19645258829009,86,0.114244954300527,103,0.272987651790098,96,0.189477316291924,89,0.524855891334201,89,1.94314350620568,93,1.12805000583477,95,0.242189613110434,94,0.0195519362328606,94,1.27249681566383,95,0.18951793675634,89,1.54279203947748,103,0.608578509194411,82,0.101777030728104,83,0.221004899744155,81,0.205662329881374,79,26.4469788511852,4,1.07264194909329,4,1.07219938693927,4,0.269841093749999,4,0.2349705625,5,0.304711624999998,4,26.4625331553885,4,13.6667,96,1892.9167,91,0.2494,5,0.0756,4,23.75,53,3.95833333333333,98,6.5528,101,2.3768,103
"L051",25.44925,17,1.46615051148693,9,1.71044968025377,14,-0.429596818563097,14,0.41766525,10,0.465499479225492,98,98.5774429257352,41,100.166903668865,34,104.220980645409,6,66.0121202534434,98,0.143047341474028,0.185581403970755,85,0.0657156759428677,104,0.254386693237728,93,0.249986191907407,100,0.691892695428667,100,2.29436882752604,100,1.17271160362643,98,0.218297534006803,87,0.0158846044511504,87,1.37525250528007,98,0.250120457716848,99,0.860612578500252,75,0.714758642711723,90,0.137473981471257,97,0.314900824072288,97,0.297870829247327,97,25.4395555826743,16,1.03179012834031,17,1.03133737119379,17,1.49329134375,14,1.871169125,38,1.1154135625,9,25.4472008200734,17,1.6667,19.5,2598.6667,101,12.325,66,0.775,51,44,101,1.87234042553191,93,1.7659,94,0.0667,32
"L052",24.174125,77,3.66715688915791,75,3.33262388895265,68,0.149755183268709,68,2.3576631875,77,0.349602387889419,88,94.009893968226,84,96.6452839267781,78,92.0326431148167,93,49.6438848924422,88,0.993319756503248,0.507566228035804,98,0.561350514614723,87,0.200742029301623,84,0.202704830117541,91,0.561146113254751,91,1.67947532132038,87,1.01697964676088,88,0.198214770217063,76,0.0130963650440677,76,1.03424760192588,88,0.202709869216748,90,1.01879261930589,91,0.644714644783817,84,0.123876056868761,91,0.281575461164736,92,0.262177742715968,91,24.1551283455023,77,0.980047464884272,77,0.979701753069919,77,4.6050013125,78,3.9063648125,87,5.3036378125,70,24.1616692435951,77,15,102,1598.25,77,56.5161,103,2.3226,99,26.75,65.5,0.314705882352941,34,0.4679,45,0.2027,78
"L053",23.46825,96,3.68015922060877,76,2.89592248096248,52,0.0277564417280748,52,2.23777225,73,0.142392835402927,55,92.5423034062616,93,93.3651630693471,98,91.4309973733907,95,20.3795204028113,55,1.17589263242205,0.182009746412643,83,0.828814223313799,63,0.110176156758937,62,0.106964203785162,54,0.296052611060948,54,1.16394945013926,56,0.651592926392879,55,0.179329650438691,74,0.0107197078421544,74,0.424573341725236,55,0.111229602463689,55,0.460066301341636,35,0.537183807068644,72,0.0765132058232723,58,0.164375355335157,58,0.155614934452078,58,23.4553785182846,96,0.951555294770748,96,0.951403144191788,96,6.88175821874999,96,5.160531625,95,8.60298481249999,96,23.4564262227216,96,10.1667,81.5,1316.3333,59,4.5,30,1.1667,71,29,70.5,0.313513513513514,33,0.3379,23,0.1093,51
"L054",25.29475,22,2.78366188262879,47,3.15281111491327,63,0.101578482893441,63,1.48735625,50,0.00616880804996088,2,101.965886095521,9,101.889550828493,15,101.795815314936,18,1.14049623203866,2,1.04557373112026,0.000959570710218516,1,0.985898180575039,14,0.00711793591545941,3,0.0174967341055141,1,0.0484652172028336,1,0.29605054986074,3,0.154143887869328,2,0.0477152713128088,8,0.000758915705484985,8,0.023760338167472,2,0.0194121335413824,2,0.15705744336659,7,0.124252568387771,2,0.0146670951027844,2,0.0293572108111323,2,0.0265687193729479,1,25.2753871331125,22,1.02513102128843,22,1.02512425025986,22,1.77865790625,20,1.10090725,20,2.4564085625,26,25.2873571742185,22,2.6667,32,116.9167,2,1.4227,17,0.1956,16,8.75,2,0.336538461538462,37,0.3637,30,0.1036,47
"L055",24.227875,75,4.62701642530406,96,4.2505460058736,88,0.361072019320067,88,3.77010968750001,95,0.233607410458293,80,94.8414624672126,79,98.784582283524,49,92.9895499880253,88,33.2618250029385,80,1.64704811688765,0.0561601760386131,50,0.965153364012096,29,0.147026525696302,77,0.142785721543576,74,0.395485958366976,74,1.40110649379433,75,0.832438999303384,80,0.176786587360758,70,0.0104178324902209,70,0.69295468756122,80,0.142786242501899,73,1.11274614049289,95,0.469173773836575,57,0.0830950210712006,65,0.183419342979318,63,0.170155182744749,64,24.1953202194845,76,0.98189403213018,76,0.98164409085373,76,4.5326848125,75,2.5939980625,59,6.4713715625,83,24.2081504903182,76,9.6667,76,1418.9167,66,21.6522,81,1.3043,76,25.25,60,0.382575757575758,42,0.4627,43,0.1371,63
"L056",24.958125,37,3.12390292716849,57,3.31517777699978,66,0.145196222020024,66,1.8236446875,58,0.0129442847455959,9,100.394269850579,23,100.975034715253,22,100.02685822714,36,2.0974020176683,9,1.1634982420947,-0.00560779196365474,12,0.995701079292743,3,0.00963617448357568,8,0.0349288604353757,9,0.0967448905629527,9,0.329606493794325,6,0.209035583975767,9,0.0467369447673418,7,0.000728114002061853,7,0.0436958753680901,9,0.0351109129533394,7,0.272897476070777,20,0.143808580622472,8,0.0225272658700292,7,0.0485582115248629,8,0.044333430353908,8,24.9381868586863,38,1.01152481290685,38,1.01151236976132,38,2.4853956875,39,1.57940525,32,3.391386125,45,24.9489563243939,38,2.8333,34.5,254.9167,10,3.1811,23,0.3774,21,10.25,6.5,0.277027027027027,24,0.3568,28,0.0731,35
"L057",24.27725,72,3.54618990455499,74,3.29004541839493,65,0.138586363724643,65,2.22353625000001,72,0.0447698987691718,23,96.8841482331313,64,98.464517192347,57,96.351787954277,64,6.59215796745959,23,1.27765707354137,0.00743653893478574,16,0.984741258116702,16,0.0311808028094199,23,0.062360903067777,30,0.172695036426148,30,0.601631172473952,23,0.370589563158591,23,0.0865677377171947,23,0.00249799107115767,23,0.137336624322075,23,0.0630827279413748,30,0.442671848702595,33,0.289183243169084,27,0.0445295405990093,30,0.0961402129935936,30,0.0904454411210592,29,24.2583247366535,72,0.984062869085608,72,0.984012033166657,72,4.23280603125,72,2.81118125,67,5.6544308125,74,24.2657179783858,72,3.1667,39.5,473.5833,20,4.8495,32,0.6228,40,17.25,26,0.247311827956989,21,0.2736,16,0.046,24
"L058",24.943,39,2.48563229515016,33,2.63006774030067,40,-0.0558835542125358,40,1.1531675,34,0.0107556041463546,4,100.344370765176,24,100.249750897223,32,100.858396380702,30,1.78829297303701,4,0.915969967672697,0.00436478831669979,7,0.975905612610303,23,0.0077823029529833,5,0.0389028315537021,12,0.107665755659264,12,0.297368827526057,4,0.193018402244288,4,0.042456747536831,3,0.000600858470468735,3,0.0372561036049377,4,0.0393013074643126,9,0.118011822651183,2,0.126285574070807,4,0.0207100277302373,5,0.0462943169111672,6,0.0413918007517056,5,24.9291402864931,40,1.01103704341916,40,1.011024207888,39,2.46545296875,37,1.882028125,39,3.0488778125,39,24.9372030637527,40,3.1667,39.5,204.9167,5,0.3852,7,0.1401,8,9.25,3,0.22289156626506,15,0.3042,21,0.0777,37
"L059",23.48275,94,2.79472466275484,49,2.20578302135618,23,-0.208691843968127,23,1.29210325,43,0.048058184796174,27,93.7546847307862,86,93.1902451294637,100,93.7119979218344,84,7.0565651325037,27,0.926847208444787,0.0603892751551068,52,0.891778123654026,55,0.047308471673414,30,0.0413068226592588,16,0.114331773077638,16,0.732050549860732,29,0.383421143905532,27,0.127257173182029,39,0.00539812937542695,39,0.147011773593827,27,0.0478902975361988,15,0.2568851601527,16,0.31530805213658,29,0.0378703676173466,20,0.0774728311832193,19,0.0670436229437354,16,23.4779166643892,95,0.952254453293479,94,0.952207539949247,94,6.74286959374999,94,5.650176625,98,7.83556256249999,90,23.475803652116,94,5.8333,54,685.6667,28,8.087,49,1.3913,80,21.5,43.5,0.227513227513228,18,0.2425,12,0.0624,30
"L060",25.8878552631579,8,1.36347548419967,8,1.72837761558743,15,-0.420540156790614,15,0.373773119806093,8,0.186625648684721,70,101.933082600487,10,101.233631079493,19,106.000058373752,4,26.6265546478402,70,0.432549822713654,0.0518773234548075,48,0.671431870726627,81,0.123673923449425,69,0.139436656363438,70,0.385949847373459,70,1.30978988015764,69,0.744795199029016,70,0.174852895116675,69,0.0101911783102276,69,0.554719888496671,70,0.141517902646913,72,0.600519034299787,56,0.596534001029499,80,0.0940145313189789,77,0.206418809819249,77,0.195440867786085,76,25.8739328232942,8,1.04928193509429,8,1.04908732123157,8,0.79650553367382,8,0.768984312499999,14,0.824026754847642,6,25.886037610161,8,2,22,1392.9167,63,1.1114,14,0.1804,13,29.25,72.5,3.25,97,3.0067,97,0.186,77
"L061",24.522125,59,4.28973508882836,91,4.17877673206109,87,0.346280912722596,87,3.3196966875,92,0.16728787312102,62,96.5934607640096,67,99.1914335603747,44,95.1633836356792,74,23.8954657297667,62,1.55188910339048,0.0351102614139112,36,0.973107238682042,25,0.107229013022173,61,0.1197168681802,60,0.33159128306537,60,1.15160649379433,55,0.705565165454951,62,0.152899853997902,59,0.00779278845085994,59,0.497822202703472,62,0.119941101232672,60,0.936633508816285,84,0.450677098506907,55,0.0737658901456782,56,0.160375841166815,57,0.147693983810621,55,24.4918598642994,59,0.993784917773851,59,0.993614607987213,59,3.6760265625,60,2.0893353125,46,5.2627178125,68,24.5050351329967,59,8.8333,70,1201.6667,54,15.3915,73,0.8995,60,22,45,0.4,46,0.5198,48,0.153,68
"L062",25.3235,20,1.03329372274988,2,1.17679937013122,4,-0.754412568412161,4,0.2054075,2,0.172458427507428,65,99.7960075615412,28,100.817383295967,25,102.718512433931,10,24.6257071031084,65,0.385327780932906,-0.00640303775686395,14,0.969576513401141,27,0.101850433226592,59,0.138129541705782,69,0.382423245177158,69,1.37336882752605,72,0.716265010068264,65,0.142759884502974,56,0.00679346154110086,56,0.513035564648091,65,0.138130276133035,68,0.783734118749096,72,0.453311589114531,56,0.0861623187307363,71,0.194961326326361,74,0.182453560620791,74,25.3157356934861,20,1.02661210078179,20,1.02643468349118,20,1.64423234375,19,1.656739625,33,1.6317250625,11,25.3224865329405,20,2.5,28.5,1700.25,87,5.9012,37,0.5185,29,35.25,95,1.5,91,1.4879,89,0.1042,48
"L063",25.26775,24,2.46986476879192,32,2.78292121746623,46,-0.00681559907249401,46,1.16842475,35,0.027938735325802,16,101.243517254025,17,101.190551129635,20,101.733048319066,21,4.21507980730361,16,0.902811148392219,0.0280445245357455,33,0.935687482733777,40,0.0179770526096832,15,0.0601228182196916,27,0.166397958870424,27,0.454225321320387,16,0.296334545154896,16,0.0634475380906607,15,0.00134186336325528,15,0.0878141626521592,16,0.0606118087266454,27,0.197294437373743,9,0.207955944387119,15,0.0347815925103419,19,0.0777497103981034,20,0.0711952638968889,19,25.2514690474966,24,1.02411435668731,24,1.02408417680309,24,1.81262834375,23,1.3569025625,24,2.26835412499999,19,25.2619429134802,24,5.3333,50.5,529,22,0.4403,8,0.1258,7,15.5,20,0.596153846153846,69,0.7811,75,0.2092,79
"L064",26.803625,2,0.608541175136546,1,0.913357638879444,1,-0.974535692241857,1,0.0798156875000006,1,0.378528899839969,91,104.24954066064,4,105.691885784318,4,110.180294350589,1,53.7291984263802,91,0.112497454061712,0.0218924390064966,30,0.212684024672012,101,0.215003780970892,87,0.214054907940972,96,0.592538739673277,96,2.10086882752603,98,1.05799730649449,91,0.204117951735531,80,0.0138880460735696,80,1.11935830054959,91,0.214073500330065,95,1.00852707189451,89,0.674658348079228,85,0.129409153069301,93,0.29445296359998,93,0.280540150589887,95,26.7863955876043,2,1.08631973555313,2,1.08591594050783,2,0.0794606874999998,2,0.1384008125,4,0.0205205625,2,26.8032524955404,2,1.3333,13.5,2682.25,103,0.086,3,0.0491,3,44.75,103,12.7857142857143,103,13.8006,103,0.4103,94
"L065",24.376875,65,2.48664136819345,34,2.35339650927767,31,-0.152427213064181,31,1.1023096875,31,0.0125262907108071,7,98.0566935750988,49,97.8374463918687,64,98.6788480089904,45,2.03836839860126,7,0.895070022940351,0.0043211015740276,6,0.974873221836468,24,0.0093260481138879,7,0.0400944764710726,14,0.110964134693116,14,0.338868827526061,7,0.206072822818036,7,0.047995859962235,9,0.000767867524504824,9,0.0424660083041936,7,0.0406913343267667,12,0.127434449752985,4,0.14352700325998,7,0.0226511742693031,8,0.0501525403970398,9,0.0462146177309897,9,24.3675203154378,64,0.988260830411756,65,0.988248167417884,64,3.8624798125,62,3.1621545,74,4.562805125,60,24.3712101068241,64,2.5,28.5,244.3333,8,6.8219,41,0.7123,47,10,5,0.150375939849624,4,0.1976,5,0.0365,20
"L066",24.443375,62,2.75756755017078,46,2.6445821950435,41,-0.0511032836048034,41,1.3630001875,45,0.013763129327609,10,98.2700444121904,45,97.6554324799373,69,98.858641952264,44,2.21304806786643,10,0.99088913369455,0.0134692693689071,24,0.966255451028467,28,0.0153549032788652,12,0.0204543502534202,4,0.0566124060135783,4,0.34753126525397,8,0.214721140273964,10,0.0732829914579353,16,0.00179013227900794,16,0.0461051680805512,10,0.0248698991154896,3,0.137111174025618,5,0.170539088295425,11,0.0195526134294356,4,0.0394623041878661,3,0.0349160598869915,3,24.4312388800773,62,0.990891497669989,62,0.990876939271449,62,3.7033205625,61,2.891809,68,4.514832125,59,24.4364091017003,62,1.6667,19.5,343.5833,13,5.0244,33,0.5854,37,13.25,13,0.217213114754098,14,0.2508,13,0.026,14
"L067",24.94,40,1.16639033022624,6,1.23344598604828,6,-0.71357715092712,6,0.253864500000001,5,0.224468485867109,76,97.9675843310333,50,96.9430331720105,73,101.819311899979,17,31.9711276529835,76,0.346347034778348,0.0369537457480272,37,0.633809456092038,83,0.155839522297769,79,0.141630067711973,73,0.392093735094263,73,1.37936882752604,74,0.816128151356853,76,0.200100593962841,77,0.0133467492347606,77,0.666065159437155,76,0.144364384462844,74,0.792811956595136,73,0.683574978014868,87,0.104182355346747,84,0.225924917219753,83,0.210180879287905,83,24.9348171888538,39,1.01119338453229,39,1.01097615836714,40,2.41823203125,35,2.435354,55,2.4011100625,23,24.9387263687514,39,1,9,1574.9167,74,25.5039,86,1.0388,67,30.75,78.5,0.904411764705882,83,0.8486,79.5,0.0247,13
"L068",24.851875,46,2.58733638330414,38,2.68942433765255,43,-0.0364987616320153,43,1.2403531875,38,0.0939752948648487,39,98.6548264173719,39,99.209203438709,43,97.6071373539589,55,13.5414739083566,39,0.85719565961676,0.117852384988525,71,0.794606842323911,70,0.0717110197866554,45,0.0795617189710613,37,0.220343405959055,37,0.980449450139261,50,0.531144085684317,39,0.140487594660695,51,0.00657892141784925,51,0.28211403975743,39,0.0822076296402895,37,0.6044721840452,57,0.438480680277332,53,0.0612836349457258,45,0.129168548635619,44,0.123205222485063,44,24.8382982416809,46,1.00740142569874,46,1.00730779989246,46,2.6784800625,45,2.0072118125,43,3.3497483125,44,24.845668743176,46,11,86.5,1098.25,51,9.3337,59,0.731,49,28.25,68,0.656976744186046,74,0.6504,62,0.2493,86
"L069",25.620625,10,1.8356981347897,16,2.21256426592474,25,-0.20602563489263,25,0.663595187500001,17,0.109693186594154,48,101.49421360673,13,102.197876993043,12,101.709219621011,22,15.7613238479724,48,0.624962779813241,0.0603213678441283,51,0.789483067151411,71,0.0770983307274711,47,0.0901511946016068,46,0.249713783995493,46,0.959393506205673,48,0.573027847054072,48,0.138050905950358,48,0.00635268421123819,48,0.328360913499425,48,0.0914807369368919,45,0.735204881770061,71,0.411965630830383,47,0.0590046867915426,41,0.124295124710978,39,0.116481198411922,38,25.606560190942,10,1.03845676440577,10,1.03833809752699,10,1.1762800625,10,0.951974499999999,18,1.400585625,10,25.6174037631659,10,9.1667,71,963,40,1.1732,15,0.1899,14,19,34.5,1.08571428571429,87,1.7339,92,0.5914,96
"L070",24.97375,35,1.97112732632273,19,2.09818939342883,20,-0.252128048361622,20,0.726972749999997,20,0.14665634139467,57,98.6136849249631,40,100.016711063293,35,97.7975220176933,53,20.9816586336452,57,0.608047034811034,0.10599846425056,67,0.682172108461067,80,0.0936928129342248,52,0.110997074327924,55,0.307466224493991,55,1.11714350620568,54,0.661148915298923,57,0.14173191937096,53,0.00669597898952542,53,0.437117888200943,57,0.11099715987713,54,0.906703517201159,81,0.334201506851077,32,0.0572690075249523,40,0.124813552509402,40,0.122010234596383,43,24.963906133867,35,1.01242794125682,35,1.01228031674429,35,2.36702884375,33,1.9337550625,42,2.80030262499999,35,24.9701029492909,35,12.5,91,1148.9167,52,12.9851,68,0.7463,50,22.75,48,0.548192771084337,63,0.7725,73,0.3289,91
"L071",24.892,44,2.62562296181126,41,2.75069991794923,44,-0.0169309939593342,44,1.2814615,42,0.00152087839877064,1,100.492688713213,21,100.848723357814,23,100.219860941618,34,0.48406555207054,1,0.97392164693329,-0.00494140281406069,10,0.992842171060545,6,0.00209328802765151,1,0.0182045949437324,3,0.0504105958710514,3,0.145968734746031,1,0.100422602044906,1,0.0209908054003699,1,0.0001468713037854,1,0.0100846990014695,1,0.0182250425868489,1,0.122010752307124,3,0.068494418362855,1,0.0119215264271,1,0.0264281526389916,1,0.0266426788033031,2,24.8773818265719,44,1.00895671326489,44,1.00895313111509,44,2.58164490625,44,1.82679025,37,3.33649956249999,43,24.885562090512,44,3,37,60.25,1,0.8153,11,0.1767,12,5.75,1,0.135294117647059,2,0.1572,2,0.0702,34
"L072",26.4205,5,3.45000941180427,70,4.82825108363579,95,0.471762270325408,95,2.49254999999999,79,0.104879651767252,46,105.073470118488,3,106.40587016591,2,103.64830983322,8,15.0815046216502,46,1.31200802192696,0.0822824755078562,59,0.926332374936054,44,0.0753222160747736,46,0.0858828150542252,40,0.237902528013893,40,0.932356493794328,42,0.560533685830787,46,0.138138749719009,49,0.00636077139131034,49,0.314198012951047,46,0.0874643815747991,42,0.720146071970195,68,0.375664587221148,39,0.0500703154216984,32,0.102918195292793,32,0.0992839819332198,32,26.3847865040993,5,1.07031052631506,5,1.07022986679548,5,0.439143593749999,5,0.0300965625000001,2,0.848190624999997,8,26.4085450216325,5,10.3333,84,984.9167,44,0.2269,4,0.0898,5,20.75,41,4.61111111111111,99,5.7219,100,2.1754,102
"L073",26.17475,7,3.25977143071003,65,4.35949552387815,90,0.383055049225234,90,2.18404025,70,0.708733575282149,102,100.47658909938,22,99.3758260989546,40,101.183456667421,28,100.364258742677,102,0.53471097418596,0.890737815273901,102,0.175596274663438,102,0.530568618627738,102,0.244992915891017,99,0.678064755905362,99,2.49705054986074,102,1.44600209444492,102,0.38998217465296,102,0.0506953655156839,102,2.0909220571391,102,0.253616259528775,100,0.977002650232381,87,1.16173471049291,102,0.167506620988016,101,0.361481529759703,101,0.333492427008034,101,26.1451259224383,7,1.06079328063797,7,1.06014118962954,7,0.703107531249999,7,0.561693249999999,10,0.844521812499999,7,26.1642195161078,7,13.6667,96,2242.25,98,3.2415,26,0.3045,18,39.25,99,6.03846153846154,101,4.206,98,1.4017,101
"L074",25.6625,9,2.73370807431123,45,3.32118463926288,67,0.146768618271596,67,1.476466,49,0.034502647025398,20,102.751647584585,6,102.994646189631,9,102.085670987889,14,5.14210610580036,20,1.01043820667643,0.0439628879139569,42,0.927542480717019,43,0.0239977121369598,20,0.0602054805401344,28,0.16665554537644,28,0.595968734746028,22,0.327302933896882,20,0.0769234018671133,20,0.00197240325160314,20,0.107127210537507,20,0.0610882672234128,28,0.288874346957461,21,0.266613668510202,23,0.0419267052139558,26,0.0918182835387338,28,0.0867530106295719,28,25.6408494506698,9,1.03995211777398,9,1.03991834766814,9,1.16396484375,9,0.5753025625,11,1.752627125,13,25.6553059967535,9,6.3333,58.5,460.9167,19,0.9339,12,0.1708,10,16.75,23,1.34,89,1.3047,88,0.4444,95
"L075",24.59875,55,5.05522672452433,99,4.99968984230674,99,0.502068704142316,99,4.63904525,99,0.368139172667069,90,95.6301299673551,71,100.833055330399,24,97.2393007633502,58,52.2618492656551,90,1.82340271757224,0.0801588893448724,58,0.961334055423002,30,0.212197765836145,86,0.211559565154384,95,0.585601917340785,95,2.06663117247395,97,1.04345029894471,90,0.206598129481349,82,0.0142275957017308,82,1.08878852636781,90,0.211987040855852,93,0.926430981131959,83,0.732873367412375,91,0.131353207247145,94,0.295694935045268,94,0.277707805686735,94,24.5570166755964,57,0.996737678557796,56,0.996384025382879,56,3.59433209375,58,1.4155860625,26,5.773078125,75,24.5751038819183,56,0,1,2646.3333,102,43.0286,99,1.7905,89,44.5,102,0.839622641509434,79,0.8486,79.5,0,1
"L076",24.375375,66,3.44055814810608,69,3.25522487963937,64,0.129344569380791,64,2.1099961875,68,0.316173997404206,85,95.0634471817928,77,96.0698946598224,82,92.9761274888204,89,44.9227675900691,85,0.937662436300003,0.455811653883373,97,0.558919299893799,89,0.210648411174676,85,0.174056378412785,83,0.481852718013017,83,1.81946873474603,91,0.967414591299806,85,0.227362871431731,90,0.0172312917685606,90,0.935890991459771,85,0.176519499090868,86,0.93887000991575,85,0.793615334302035,97,0.124390545649338,92,0.271577566791831,91,0.257376645730012,90,24.3578238441694,65,0.988181988064276,66,0.98787317025715,65,3.9582578125,66,2.6393135625,60,5.2772020625,69,24.3645168952503,65,14,99,2145,95,32.4911,95,1.6805,87,39.5,100,0.622047244094488,71,0.6392,60,0.2231,82
"L077",24.574875,57,2.26714419568827,26,2.23168243898967,27,-0.198552630953773,27,0.931241187499996,27,0.0127692852050216,8,98.8319098766888,36,99.0923068882449,45,99.3743068218738,40,2.07268669793798,8,0.831035582182301,-0.00708404816089547,15,0.99475195944795,5,0.00911121417303771,6,0.0375760191626244,10,0.104047476780437,10,0.370868827526059,9,0.207800319715124,8,0.0445293413800645,5,0.000660954081247441,5,0.0431809728737078,8,0.0377102940856068,8,0.244169875652,14,0.152386269404372,9,0.0255154404085179,12,0.0562006162226381,11,0.0514120953225114,11,24.5656843047341,56,0.996262150492466,57,0.996248605749342,57,3.318186625,56,2.693893,65,3.94248024999999,53,24.5701375405678,57,2.1667,24.5,168.9167,3,1.0628,13,0.2723,17,10.25,6.5,0.176724137931034,8,0.1966,4,0.0378,21
"L078",24.88525,45,3.49312282962853,73,3.65470551171206,79,0.229887353433349,79,2.26690325,74,0.229041032922303,77,97.7050205539729,55,98.1390350161968,61,96.6654477351862,62,32.6169119909325,77,1.09171738667454,0.324590141696578,92,0.705220956725766,79,0.16630284827137,80,0.142894252393917,75,0.395514223503065,75,1.46496873474603,79,0.824329424326885,77,0.213894894075074,84,0.0152503419037958,84,0.679518999811094,77,0.146920279538948,75,0.629446307430871,60,0.682499001637211,86,0.101120393767201,82,0.219016115176335,80,0.206579724460651,81,24.8626761497025,45,1.0086278291873,45,1.00841337102632,45,2.68655459375,46,1.508895625,28,3.8642135625,52,24.873878563587,45,10.3333,84,1665.6667,83,22.8876,82,1.012,65,33,90,0.741573033707865,77,0.8268,77,0.2417,85
"L079",24.7825,49,2.85870203650197,52,2.93140750313822,55,0.03833496729754,55,1.5057375,51,0.047639851964198,26,99.0053211832663,35,98.5118602046895,54,99.2397984472611,41,6.9974836648494,26,1.00694087428209,0.0633305009872726,54,0.903225967466579,51,0.0452151583377329,28,0.0455906130506613,18,0.126191795787168,18,0.67296873474603,26,0.381812663074919,26,0.122906224589877,35,0.00503531334764573,35,0.145780909684361,26,0.0510773969655616,18,0.266584666913921,19,0.320552685911224,30,0.0400158171244259,24,0.0827683976970573,23,0.0796309244196545,23,24.7667789339213,47,1.00453225970257,49,1.00448713020509,48,2.84978821875,47,1.9129703125,41,3.786606125,51,24.7748977436174,49,3.6667,42.5,702.25,30,7.4828,46,0.5862,38,19.75,36,0.387254901960784,43,0.4883,46,0.078,38
"L080",24.377,64,3.72715645768997,78,3.52752739695289,76,0.199123367927801,76,2.4764925,78,0.609372174494403,101,93.6206559127165,87,95.9036591957112,85,92.0795208272588,91,86.3313716775768,101,0.752704023027471,0.848742559713811,101,0.306866300921549,98,0.369077820642441,101,0.265244453858778,101,0.734183216685353,101,2.25472532132039,99,1.34110784177964,101,0.285021129467919,101,0.0270790147477228,101,1.79857024328285,101,0.266980852183681,101,1.12628351454992,96,1.01289733365123,101,0.170375638564816,102,0.379145143061584,102,0.350852507860983,102,24.3563893238696,66,0.988328144623526,64,0.987747619825681,66,4.06724421875,70,3.712210625,83,4.4222778125,57,24.3640643854467,66,15.6667,103,2008,94,80.7692,104,2.4615,100,31,80.5,0.394904458598726,45,0.588,56,0.2374,84
"L081",24.777625,50,2.78544864571117,48,2.85356195206402,48,0.0149571884680451,48,1.42899568749999,48,0.121380211749715,51,98.1684013948673,48,96.565683558102,79,99.9212520049106,37,17.4118914007117,51,0.897457295193167,0.164794143988307,80,0.756021953835326,74,0.130250836328601,72,0.0283603344815937,6,0.0785349698480373,6,0.945468734746028,46,0.602285428609081,51,0.217688693156404,86,0.0157961223760476,86,0.362747737514824,51,0.051356210451834,19,0.403164718846612,30,0.449559184004174,54,0.0437579440498686,28,0.0824912044447138,21,0.0807199015537459,24,24.7628841063152,49,1.00438811941235,50,1.00427665369992,50,2.8619146875,48,2.0580753125,44,3.66575406249999,48,24.7704298079463,50,2,22,1174.25,53,15.3527,72,0.7824,52,23.75,53,0.47979797979798,53,0.6167,58,0.0416,23
"L082",24.96675,36,3.85577262582002,83,4.09873505048514,85,0.329482268365382,85,2.78014925,85,0.0957543514341744,40,99.1524968679485,33,100.605608558485,29,98.4228480053171,46,13.7927314361475,40,1.42922271514026,0.0105879960081792,20,0.985529093499752,15,0.0641706014694495,40,0.0896679261092189,44,0.248343578934184,44,0.80885649379433,34,0.536049038415711,40,0.122118355621378,34,0.00497096425988975,34,0.287348571586408,40,0.0903695106327165,44,0.67811083139539,67,0.392118388722087,43,0.060861315388795,44,0.131230444798555,46,0.12031956854559,42,24.9384543569529,37,1.01174195958916,37,1.01165406993134,36,2.55847746875,42,1.377465125,25,3.7394898125,50,24.9527611322737,37,5.8333,54,782,35,9.0659,57,0.63,41,18.5,32,0.506849315068493,59,0.659,64,0.1587,71
"L083",24.894125,43,2.32899726533927,28,2.44095613232623,35,-0.120697473831468,35,1.0084466875,28,0.104426131964311,45,98.7434385485578,37,99.6784683887466,37,99.1798594661438,42,15.0174536710191,45,0.759287312422366,0.108043904542969,68,0.766826447210416,73,0.0585195129113529,35,0.119651039755281,59,0.331146978556409,59,0.944475321320382,45,0.559342129779468,45,0.106422798470974,30,0.00377527067813122,30,0.312863618146231,45,0.119889928414615,59,0.364278080837241,28,0.340344507833147,33,0.0629701874146518,51,0.143719593978138,51,0.1314137634318,50,24.8820348557665,43,1.00914417270963,43,1.00904269940175,43,2.5786891875,43,2.2197390625,48,2.9376393125,37,24.8889918753138,43,7.8333,65.5,992.6667,45,6.864,42,0.56,34,21.5,43.5,0.462365591397849,51,0.642,61,0.1843,76
"L084",24.11125,80,6.24792132202338,103,5.60656132556934,104,0.601575730861476,104,6.80819225,103,1.57719777850584,103,89.3068577120354,103,98.291050964756,59,82.8542688086623,103,223.018126213346,103,1.30590563826118,2.2508178701839,104,0.33599245406075,96,0.876694148689141,103,0.445845595764008,103,1.23409564065106,103,3.68277467867961,103,2.15550712426984,103,0.408115324763277,104,0.0555193727688784,104,4.64621096277805,103,0.44584598147883,103,1.89524953248258,104,1.30143901579995,104,0.258000474062683,104,0.591530267447855,104,0.557436397352979,104,24.0540562478978,81,0.977378176702671,80,0.975740819551808,81,5.24515978125,84,2.380612,52,8.1097075625,92,24.0747782990135,81,16.8333,104,2320.6667,99,55.0602,102,1.9036,91,30,76,0.560747663551402,65,0.657,63,0.2651,87
"L085",24.41975,63,3.8454715276886,81,3.67062408347217,80,0.233662396545174,80,2.64547025,83,0.100879959429183,43,96.7678221775437,65,99.2501470615688,42,95.3133888987461,71,14.516624996058,43,1.37339775381957,0.0481786875235959,45,0.956373479200904,32,0.0678392781745566,43,0.0895881661656763,43,0.248158039610012,43,0.942856493794328,44,0.549936075755969,43,0.125235925569057,37,0.00522801235104613,37,0.302429687417875,43,0.0901954452485325,43,0.730119508240632,70,0.363482584620327,37,0.0544693685524738,34,0.115787135464359,34,0.107182938010993,35,24.3960012137201,63,0.989750674711302,63,0.989643241478202,63,3.88140440625,63,2.4364205,56,5.3263883125,72,24.4060336254601,63,9.3333,72.5,957.3333,39,8.3882,52,0.7294,48,18,30,0.301255230125523,30,0.4287,39,0.1493,67
"L086",23.5845,92,3.73784534320429,79,3.01279134157369,58,0.0621206861723098,58,2.33140250000001,75,0.106824534460532,47,93.3076783972923,89,93.7328027018692,96,93.9813230301031,80,15.3561819004857,47,1.24980515783932,0.108581130527098,69,0.898680065372172,53,0.0964648284936822,55,0.0710639199057991,31,0.196716044632055,31,0.961325228540357,49,0.565615113182203,47,0.177571197191886,71,0.0105105100240532,71,0.319920456260116,47,0.0782114957372559,32,0.429190707664059,32,0.485904207786631,62,0.0622266920956379,49,0.129408289112931,45,0.123988655322103,46,23.5694505005507,92,0.956192549997564,92,0.956074883793609,92,6.46072346875,92,4.60024131249999,91,8.321205625,94,23.5720907393392,92,1.1667,11,979.5833,43,9.766,60,1.617,86,17.25,26,0.181578947368421,9,0.2907,19,0.0125,4
"L087",24.696125,52,1.66473959713817,13,1.67836265501608,11,-0.446045807871322,11,0.507074187499997,13,0.0668792613714716,30,98.3896395846691,43,98.5927783654618,51,100.377799122082,33,9.71468025498432,30,0.613575160596191,-0.0084800282365039,18,0.995867998379136,2,0.040727819622041,26,0.0868194763277009,42,0.240356033102566,42,0.857868827526062,37,0.449876840900751,30,0.0917301520773725,25,0.0028048069333793,25,0.20238917197884,30,0.0869864337876303,41,0.471177375571077,36,0.322725320045071,31,0.0568065690842426,39,0.126900609570689,41,0.117551319395137,39,24.6900049338531,52,1.00124810499054,52,1.00118263806786,52,2.98736225,50,2.68393025,63,3.29079424999999,42,24.6935518688719,52,0.8333,6,788.9167,36,6.1132,39,0.6038,39,23.75,53,0.465686274509804,52,0.4678,44,0.016,8
"L088",25.588375,11,2.3966874500451,30,2.87109825172604,51,0.0202786864974093,51,1.1283126875,32,0.132590837343477,54,101.296986466295,16,99.3282311101689,41,103.948198300708,7,18.9951766768769,54,0.77307832268222,0.153803759531011,79,0.710485567947367,78,0.139666002151429,75,0.0388285462935616,11,0.107493964223688,11,1.02444405606641,53,0.629073006442759,54,0.224436461963738,89,0.0167905751529335,89,0.395732847434931,54,0.0586525224343127,23,0.418183430781869,31,0.487181267970808,63,0.0506232857967377,33,0.0981982480741807,31,0.0926073512031791,30,25.5705133561759,11,1.03708094909763,11,1.03695425591445,11,1.2600801875,11,0.874893125000001,16,1.64526725,12,25.5828618925081,11,1.3333,13.5,1228.9167,55,3.6325,28,0.3362,19,22.75,48,1.56896551724138,92,1.76,93,0.0773,36
"L089",23.62825,91,4.30917678248708,92,3.50471754869326,75,0.193488623376102,75,3.11009025,88,0.488018907363307,99,91.0891896561353,100,93.8675271233269,95,88.1843278456171,102,69.1925564119856,99,1.12198362047795,0.701248606063386,100,0.54292242806639,91,0.295364678333422,99,0.236821099352678,98,0.655520400047427,98,2.03196873474603,95,1.2006296647661,99,0.254289088612751,96,0.0215543135291678,96,1.44151159191636,99,0.238275408280344,98,1.03595587779399,92,0.907935383974041,99,0.153128131228398,100,0.340747884892212,100,0.321621621729035,100,23.6067738722547,91,0.958021232170895,91,0.957518105609327,91,6.39738103125,91,4.213789,89,8.58097306249999,95,23.6116680380592,91,13.8333,98,1932.6667,93,27.9855,88,2.4928,103,35,94,0.4,47,0.4339,40,0.1576,69
"L090",24.505625,60,5.42014522628337,100,5.26270737079309,100,0.546601021139477,100,5.2926681875,101,0.460165950027125,97,94.7831888072637,80,98.0470030722763,62,95.8173892352301,67,65.2588618220442,97,1.96611554324453,0.0442643459379513,44,0.97967301634973,19,0.301816532180099,100,0.210251637276446,93,0.582079766859118,93,2.05813117247394,96,1.16600155286886,97,0.269017605249764,100,0.0241234906447725,100,1.35955962129259,97,0.212753360703474,94,1.18227609326747,97,0.945588891446634,100,0.149751294624071,99,0.32735893207612,98,0.305566080556899,98,24.4592022697068,60,0.992921298460715,60,0.99248320450914,60,3.9141515625,64,1.7119925,35,6.11631062499999,79,24.4787148771507,60,1.5,17,2156.9167,96,53.8351,101,1.8557,90,38.25,98,0.59765625,70,0.7119,69,0.0265,15
"L091",24.473125,61,3.22565120687446,62,3.11182492923456,60,0.0902128883870985,60,1.8695406875,60,0.0688027908359943,31,97.3886677512023,60,98.7950951006136,48,96.0380866646248,65,9.98634180089694,31,1.11934194252014,0.0849447578368522,62,0.898935174412375,52,0.0461489333480401,29,0.0784304711965357,34,0.217191592046276,34,0.740550549860745,30,0.456123653759248,31,0.103676691588158,28,0.00358295212622203,28,0.208048787518687,31,0.0790975539211223,34,0.546554496925373,45,0.349511734549283,35,0.0551203047841263,37,0.119681813820042,37,0.110715324832187,36,24.4559975707194,61,0.992022814801399,61,0.991951032536749,61,3.6736178125,59,2.677672,62,4.669563625,61,24.4634328947505,61,10.3333,84,676.3333,26,6.0889,38,0.6667,43,19,34.5,0.316666666666667,35,0.3754,33,0.1722,74
"L092",24.59425,56,2.23319876787939,25,2.20670218757721,24,-0.208329971866925,24,0.904988749999999,26,0.183456070194923,69,96.9284821698544,63,95.0839095097329,91,99.1344802427232,43,26.1789126395889,69,0.63404344778025,0.173350655540508,81,0.595844037930464,86,0.16693855460252,81,0.0930182307807203,49,0.257443165156069,49,1.23019405606641,62,0.738507964293389,69,0.235477622983954,92,0.018483236975391,92,0.545394013324766,69,0.1029661537704,51,0.471947627548508,37,0.594954043813455,78,0.0744824440520509,57,0.154752932714027,55,0.144208643106239,54,24.5855969179088,55,0.997134344988592,55,0.996963825797268,55,3.28453521875,54,2.9136448125,69,3.65542562499999,47,24.589627510093,55,4.6667,46,1434.6667,68,26.9897,87,1.2577,75,26,63.5,0.536082474226804,61,0.5806,54,0.0826,39
"L093",25.082125,31,1.04380285529293,4,1.13471369768358,3,-0.786044827997953,3,0.2056301875,3,0.192382154578014,72,98.6959175674738,38,100.232960685146,33,100.950818421093,29,27.4395504032314,72,0.363558803437423,0.00464187187499057,9,0.862184478206008,57,0.116921772132556,67,0.139885167840823,71,0.387333686462343,71,1.37786882752606,73,0.756080220656062,72,0.155532520295222,61,0.00806345495646122,61,0.571657300067319,72,0.139969793549307,70,0.892759310083966,79,0.508671354153054,65,0.0907673749113787,76,0.202458142955783,76,0.188408886512775,75,25.076236702381,30,1.01690817250356,30,1.01671516306125,30,2.1120129375,28,2.131870625,47,2.09215525,17,25.081103851649,30,4.8333,47.5,1636.6667,81,11.1423,63,0.6975,46,33.5,91,0.858974358974359,81,1.0082,82,0.1391,64
"L094",24.897875,42,1.93701083780367,18,2.03161265270079,18,-0.280135605124769,18,0.697766187499998,19,0.0805534599609606,35,99.0064895008482,34,98.5766957764042,52,100.82893671654,31,11.645897840392,35,0.669660378934971,0.0385976122218957,39,0.862059076514262,58,0.0598746724831939,37,0.0810175111364903,38,0.224296707414166,38,0.825868827526058,36,0.492567631574421,35,0.127722105091425,40,0.00543764537632833,40,0.242622871674835,35,0.0833103596450937,39,0.47268061198307,38,0.421381668034661,49,0.0619077915785176,48,0.133052621077912,47,0.12401744885265,47,24.8887013399575,42,1.00934266298691,42,1.00926160997553,42,2.5379328125,41,2.2669405625,49,2.80892506249999,36,24.8943937320377,42,2.5,28.5,776.9167,34,5.4534,36,0.502,28,20.25,37.5,0.482142857142857,54,0.5581,51,0.0578,28
"L095",24.227125,76,2.72445186159547,44,2.50240438328044,37,-0.0991024387434536,37,1.3070231875,44,0.0358197281357861,21,96.9483241551922,62,96.3792742655004,80,97.0153902148158,59,5.32811848415984,21,0.945831722356074,0.0440057139759049,43,0.918083537604212,47,0.0362862421273673,25,0.0337245662754926,8,0.0933480832911913,8,0.640550549860739,25,0.333170329441258,21,0.111956997796458,31,0.00417812311853203,31,0.111002468419996,21,0.0399506006136495,10,0.225764686181117,12,0.274027666728936,25,0.0323674491851945,15,0.0658123524537282,14,0.0576059088737319,13,24.2169114620864,73,0.982206655343828,74,0.982171604284029,73,4.3010938125,73,3.391149125,78,5.2110385,67,24.2203215059371,73,4.8333,47.5,529.5833,23,8.0233,48,0.8217,57,18.75,33,0.267857142857143,23,0.2739,17,0.0664,31
"L096",25.538,15,4.1034030887168,88,4.86880438602592,98,0.479027229541746,98,3.2944535,91,0.210024051539478,75,100.567998254266,20,104.83564800313,6,99.7849595906194,38,29.9311290817889,75,1.49560711351128,0.137521116181581,75,0.910729497259442,50,0.112233514371209,63,0.172670843266081,82,0.477878219708047,82,1.42863117247395,78,0.7896614396081,75,0.142265078812749,55,0.00674645088319922,55,0.623565189203938,75,0.172683709349073,81,0.490979117022886,41,0.389379719394951,41,0.0808010477587673,60,0.188538430437188,68,0.177808163022424,68,25.5020669146861,15,1.03470505599731,15,1.03452649858489,15,1.52233559375,15,0.419205124999999,7,2.6254660625,31,25.5218872117302,15,5.3333,50.5,1604.9167,79,8.5814,54,0.5349,32,32.75,89,2.62,96,1.826,95,0.2807,90
"L097",24.95625,38,1.64078916489301,12,1.74061824080802,16,-0.414410362150703,16,0.503020250000001,12,0.153725144430171,59,98.5381985939441,42,98.4847936476926,56,102.500273724933,13,21.9799911238898,59,0.516812995263275,0.0628498948624932,53,0.712228130850347,77,0.0952620343709267,54,0.133255872750746,66,0.368837844819655,66,1.28636882752606,67,0.676695265054887,59,0.146555029694699,57,0.00715945890960475,57,0.457916481747704,59,0.134329964620213,66,0.547393138902893,46,0.514956034235901,68,0.0854767903693865,69,0.189838468562173,71,0.17826042461731,69,24.9485494244875,36,1.01176597154502,36,1.01161440285859,37,2.40675071875,34,2.383503625,53,2.4299978125,24,24.9537360888738,36,0.8333,6,1503.5833,71,12.0308,65,0.8,53.5,32.25,86.5,0.86,82,0.8395,78,0.0208,10
"L098",23.472875,95,1.28447059258425,7,1.0117199845954,2,-0.885696765475656,2,0.272710687500001,6,0.169810813852856,64,92.6152702620652,92,93.9110527764651,94,93.9975511287158,79,24.2517825900474,64,0.413319743366569,0.0122552901482852,22,0.840248768636985,61,0.105245419576963,60,0.127890672102697,63,0.354154463837659,63,1.23286882752605,63,0.710806211724398,64,0.149007835990416,58,0.00740111172884891,58,0.50524547062599,64,0.128023794273992,63,0.875669052194933,77,0.47992245894433,60,0.0833661236184022,67,0.184604364761115,65,0.16762280074408,62,23.4783093674986,94,0.952111653766138,95,0.951966537389008,95,6.711235875,93,6.60969612499999,100,6.812775625,87,23.4714281012731,95,6.1667,56.5,1368.9167,61,29.0377,89,2.4906,102,29.25,72.5,0.306282722513089,31,0.3492,25,0.0672,33
"L099",23.10375,102,1.90336256524422,17,1.38806174603358,7,-0.61099985185619,7,0.580135250000001,16,0.116557672952819,50,91.590894628579,97,91.8338821139693,103,91.3495793282882,97,16.7308005367808,50,0.58632319572952,0.0499810782807537,46,0.794845349599697,69,0.0776417837016218,48,0.0963304090954094,50,0.266840309676649,50,0.95214350620568,47,0.590388299779278,50,0.133131245837127,42,0.00590797620604855,42,0.348558344516266,50,0.09685154924249,49,0.793157460751362,74,0.368537718103973,38,0.0549411990134267,35,0.116340000978105,35,0.100435386548095,33,23.1087974468565,102,0.93716958599634,102,0.937073013756058,102,8.14148690625,101,7.4469055625,101,8.83606824999999,97,23.1006091056877,102,9.5,74.5,1023,47,14,70,2.2857,97,22.5,46,0.226130653266332,17,0.2826,18,0.0969,44
"L100",24.12525,78,2.61009765173988,40,2.34878213122335,29,-0.154131954396154,29,1.18953825,36,0.0466513106015786,24,96.4033187619142,68,95.3459797799755,88,97.6731954754268,54,6.85787120779027,24,0.890157852847246,0.053816702709474,49,0.893497587608418,54,0.0511100654654113,32,0.0178919489943233,2,0.0495615912036739,2,0.577194056066414,20,0.377984545754139,24,0.136153268768151,46,0.00617923753208412,46,0.142872316828963,24,0.0321356918968182,6,0.264790462666912,18,0.273805699398059,24,0.0253440452718192,11,0.0465178217105149,7,0.0437213504642852,7,24.1169752249576,78,0.978134112474885,78,0.978091237000905,78,4.58848065625,77,3.64177225,82,5.5351890625,73,24.1190700266969,78,1,9,671.5833,25,10.4336,62,1.0088,64,17.25,26,0.236301369863014,19,0.2924,20,0.013,5
